level,press_-1.0,press_-0.5,press_0.0,press_0.5,press_1.0,press_1.5,press_2.0,press_2.5,press_3.0,press_3.5,press_4.0,press_4.5,press_5.0,press_5.5,press_6.0
0,-0.003,-0.002,0,0.002,0.003,0.004,0.006,0.007,0.009,0.01,0.011,0.013,0.014,0.016,0.017
0.01,-0.003,-0.002,0,0.002,0.003,0.004,0.006,0.007,0.00899,0.01,0.011,0.013,0.014,0.01599,0.017
0.02,-0.003,-0.002,0,0.002,0.003,0.004,0.006,0.007,0.00898,0.01,0.011,0.013,0.014,0.01598,0.017
0.03,-0.003,-0.002,0,0.002,0.003,0.004,0.006,0.007,0.00897,0.01,0.011,0.013,0.014,0.01597,0.017
0.04,-0.003,-0.002,0,0.002,0.003,0.004,0.006,0.007,0.00896,0.01,0.011,0.013,0.014,0.01596,0.017
0.05,-0.003,-0.002,0,0.002,0.003,0.004,0.006,0.007,0.00895,0.01,0.011,0.013,0.014,0.01595,0.017
0.06,-0.003,-0.002,0,0.002,0.003,0.004,0.006,0.007,0.00894,0.01,0.011,0.013,0.014,0.01594,0.017
0.07,-0.003,-0.002,0,0.002,0.003,0.004,0.006,0.007,0.00893,0.01,0.011,0.013,0.014,0.01593,0.017
0.08,-0.003,-0.002,0,0.002,0.003,0.004,0.006,0.007,0.00892,0.01,0.011,0.013,0.014,0.01592,0.017
0.09,-0.003,-0.002,0,0.002,0.003,0.004,0.006,0.007,0.00891,0.01,0.011,0.013,0.014,0.01591,0.017
0.1,-0.003,-0.002,0,0.002,0.003,0.004,0.006,0.007,0.0089,0.01,0.011,0.013,0.014,0.0159,0.017
0.11,-0.003,-0.002,0,0.002,0.003,0.004,0.006,0.007,0.00889,0.01,0.011,0.013,0.014,0.01589,0.017
0.12,-0.003,-0.002,0,0.002,0.003,0.004,0.006,0.007,0.00888,0.01,0.011,0.013,0.014,0.01588,0.017
0.13,-0.003,-0.002,0,0.002,0.003,0.004,0.006,0.007,0.00887,0.01,0.011,0.013,0.014,0.01587,0.017
0.14,-0.003,-0.002,0,0.002,0.003,0.004,0.006,0.007,0.00886,0.01,0.011,0.013,0.014,0.01586,0.017
0.15,-0.003,-0.002,0,0.002,0.003,0.004,0.006,0.007,0.00885,0.01,0.011,0.013,0.014,0.01585,0.017
0.16,-0.003,-0.002,0,0.002,0.003,0.004,0.006,0.007,0.00884,0.01,0.011,0.013,0.014,0.01584,0.017
0.17,-0.003,-0.002,0,0.002,0.003,0.004,0.006,0.007,0.00883,0.01,0.011,0.013,0.014,0.01583,0.017
0.18,-0.003,-0.002,0,0.002,0.003,0.004,0.006,0.007,0.00882,0.01,0.011,0.013,0.014,0.01582,0.017
0.19,-0.003,-0.002,0,0.002,0.003,0.004,0.006,0.007,0.00881,0.01,0.011,0.013,0.014,0.01581,0.017
0.2,-0.003,-0.002,0,0.002,0.003,0.004,0.006,0.007,0.0088,0.01,0.011,0.013,0.014,0.0158,0.017
0.21,-0.003,-0.002,0,0.002,0.003,0.004,0.006,0.007,0.00879,0.01,0.011,0.013,0.014,0.01579,0.017
0.22,-0.003,-0.002,0,0.002,0.003,0.004,0.006,0.007,0.00878,0.01,0.011,0.013,0.014,0.01578,0.017
0.23,-0.003,-0.002,0,0.002,0.003,0.004,0.006,0.007,0.00877,0.01,0.011,0.013,0.014,0.01577,0.017
0.24,-0.003,-0.002,0,0.002,0.003,0.004,0.006,0.007,0.00876,0.01,0.011,0.013,0.014,0.01576,0.017
0.25,-0.003,-0.002,0,0.002,0.003,0.004,0.006,0.007,0.00875,0.01,0.011,0.013,0.014,0.01575,0.017
0.26,-0.003,-0.002,0,0.002,0.003,0.004,0.006,0.007,0.00874,0.01,0.011,0.013,0.014,0.01574,0.017
0.27,-0.003,-0.002,0,0.002,0.003,0.004,0.006,0.007,0.00873,0.01,0.011,0.013,0.014,0.01573,0.017
0.28,-0.003,-0.002,0,0.002,0.003,0.004,0.006,0.007,0.00872,0.01,0.011,0.013,0.014,0.01572,0.017
0.29,-0.003,-0.002,0,0.002,0.003,0.004,0.006,0.007,0.00871,0.01,0.011,0.013,0.014,0.01571,0.017
0.3,-0.003,-0.002,0,0.002,0.003,0.004,0.006,0.007,0.0087,0.01,0.011,0.013,0.014,0.0157,0.017
0.31,-0.003,-0.002,0,0.002,0.003,0.004,0.006,0.007,0.00869,0.01,0.011,0.013,0.014,0.01569,0.017
0.32,-0.003,-0.002,0,0.002,0.003,0.004,0.006,0.007,0.00868,0.01,0.011,0.013,0.014,0.01568,0.017
0.33,-0.003,-0.002,0,0.002,0.003,0.004,0.006,0.007,0.00867,0.01,0.011,0.013,0.014,0.01567,0.017
0.34,-0.003,-0.002,0,0.002,0.003,0.004,0.006,0.007,0.00866,0.01,0.011,0.013,0.014,0.01566,0.017
0.35,-0.003,-0.002,0,0.002,0.003,0.004,0.006,0.007,0.00865,0.01,0.011,0.013,0.014,0.01565,0.017
0.36,-0.003,-0.002,0,0.002,0.003,0.004,0.006,0.007,0.00864,0.01,0.011,0.013,0.014,0.01564,0.017
0.37,-0.003,-0.002,0,0.002,0.003,0.004,0.006,0.007,0.00863,0.01,0.011,0.013,0.014,0.01563,0.017
0.38,-0.003,-0.002,0,0.002,0.003,0.004,0.006,0.007,0.00862,0.01,0.011,0.013,0.014,0.01562,0.017
0.39,-0.003,-0.002,0,0.002,0.003,0.004,0.006,0.007,0.00861,0.01,0.011,0.013,0.014,0.01561,0.017
0.4,-0.003,-0.002,0,0.002,0.003,0.004,0.006,0.007,0.0086,0.01,0.011,0.013,0.014,0.0156,0.017
0.41,-0.003,-0.002,0,0.002,0.003,0.004,0.006,0.007,0.00859,0.01,0.011,0.013,0.014,0.01559,0.017
0.42,-0.003,-0.002,0,0.002,0.003,0.004,0.006,0.007,0.00858,0.01,0.011,0.013,0.014,0.01558,0.017
0.43,-0.003,-0.002,0,0.002,0.003,0.004,0.006,0.007,0.00857,0.01,0.011,0.013,0.014,0.01557,0.017
0.44,-0.003,-0.002,0,0.002,0.003,0.004,0.006,0.007,0.00856,0.01,0.011,0.013,0.014,0.01556,0.017
0.45,-0.003,-0.002,0,0.002,0.003,0.004,0.006,0.007,0.00855,0.01,0.011,0.013,0.014,0.01555,0.017
0.46,-0.003,-0.002,0,0.002,0.003,0.004,0.006,0.007,0.00854,0.01,0.011,0.013,0.014,0.01554,0.017
0.47,-0.003,-0.002,0,0.002,0.003,0.004,0.006,0.007,0.00853,0.01,0.011,0.013,0.014,0.01553,0.017
0.48,-0.003,-0.002,0,0.002,0.003,0.004,0.006,0.007,0.00852,0.01,0.011,0.013,0.014,0.01552,0.017
0.49,-0.003,-0.002,0,0.002,0.003,0.004,0.006,0.007,0.00851,0.01,0.011,0.013,0.014,0.01551,0.017
0.5,-0.003,-0.002,0,0.002,0.003,0.004,0.006,0.007,0.0085,0.01,0.011,0.013,0.014,0.0155,0.017
0.51,-0.003,-0.002,0,0.002,0.003,0.004,0.006,0.007,0.00849,0.01,0.011,0.013,0.014,0.01549,0.017
0.52,-0.003,-0.002,0,0.002,0.003,0.004,0.006,0.007,0.00848,0.01,0.011,0.013,0.014,0.01548,0.017
0.53,-0.003,-0.002,0,0.002,0.003,0.004,0.006,0.007,0.00847,0.01,0.011,0.013,0.014,0.01547,0.017
0.54,-0.003,-0.002,0,0.002,0.003,0.004,0.006,0.007,0.00846,0.01,0.011,0.013,0.014,0.01546,0.017
0.55,-0.003,-0.002,0,0.002,0.003,0.004,0.006,0.007,0.00845,0.01,0.011,0.013,0.014,0.01545,0.017
0.56,-0.003,-0.002,0,0.002,0.003,0.004,0.006,0.007,0.00844,0.01,0.011,0.013,0.014,0.01544,0.017
0.57,-0.003,-0.002,0,0.002,0.003,0.004,0.006,0.007,0.00843,0.01,0.011,0.013,0.014,0.01543,0.017
0.58,-0.003,-0.002,0,0.002,0.003,0.004,0.006,0.007,0.00842,0.01,0.011,0.013,0.014,0.01542,0.017
0.59,-0.003,-0.002,0,0.002,0.003,0.004,0.006,0.007,0.00841,0.01,0.011,0.013,0.014,0.01541,0.017
0.6,-0.003,-0.002,0,0.002,0.003,0.004,0.006,0.007,0.0084,0.01,0.011,0.013,0.014,0.0154,0.017
0.61,-0.003,-0.002,0,0.002,0.003,0.004,0.006,0.007,0.00839,0.01,0.011,0.013,0.014,0.01539,0.017
0.62,-0.003,-0.002,0,0.002,0.003,0.004,0.006,0.007,0.00838,0.01,0.011,0.013,0.014,0.01538,0.017
0.63,-0.003,-0.002,0,0.002,0.003,0.004,0.006,0.007,0.00837,0.01,0.011,0.013,0.014,0.01537,0.017
0.64,-0.003,-0.002,0,0.002,0.003,0.004,0.006,0.007,0.00836,0.01,0.011,0.013,0.014,0.01536,0.017
0.65,-0.003,-0.002,0,0.002,0.003,0.004,0.006,0.007,0.00835,0.01,0.011,0.013,0.014,0.01535,0.017
0.66,-0.003,-0.002,0,0.002,0.003,0.004,0.006,0.007,0.00834,0.01,0.011,0.013,0.014,0.01534,0.017
0.67,-0.003,-0.002,0,0.002,0.003,0.004,0.006,0.007,0.00833,0.01,0.011,0.013,0.014,0.01533,0.017
0.68,-0.003,-0.002,0,0.002,0.003,0.004,0.006,0.007,0.00832,0.01,0.011,0.013,0.014,0.01532,0.017
0.69,-0.003,-0.002,0,0.002,0.003,0.004,0.006,0.007,0.00831,0.01,0.011,0.013,0.014,0.01531,0.017
0.7,-0.003,-0.002,0,0.002,0.003,0.004,0.006,0.007,0.0083,0.01,0.011,0.013,0.014,0.0153,0.017
0.71,-0.003,-0.002,0,0.002,0.003,0.004,0.006,0.007,0.00829,0.01,0.011,0.013,0.014,0.01529,0.017
0.72,-0.003,-0.002,0,0.002,0.003,0.004,0.006,0.007,0.00828,0.01,0.011,0.013,0.014,0.01528,0.017
0.73,-0.003,-0.002,0,0.002,0.003,0.004,0.006,0.007,0.00827,0.01,0.011,0.013,0.014,0.01527,0.017
0.74,-0.003,-0.002,0,0.002,0.003,0.004,0.006,0.007,0.00826,0.01,0.011,0.013,0.014,0.01526,0.017
0.75,-0.003,-0.002,0,0.002,0.003,0.004,0.006,0.007,0.00825,0.01,0.011,0.013,0.014,0.01525,0.017
0.76,-0.003,-0.002,0,0.002,0.003,0.004,0.006,0.007,0.00824,0.01,0.011,0.013,0.014,0.01524,0.017
0.77,-0.003,-0.002,0,0.002,0.003,0.004,0.006,0.007,0.00823,0.01,0.011,0.013,0.014,0.01523,0.017
0.78,-0.003,-0.002,0,0.002,0.003,0.004,0.006,0.007,0.00822,0.01,0.011,0.013,0.014,0.01522,0.017
0.79,-0.003,-0.002,0,0.002,0.003,0.004,0.006,0.007,0.00821,0.01,0.011,0.013,0.014,0.01521,0.017
0.8,-0.003,-0.002,0,0.002,0.003,0.004,0.006,0.007,0.0082,0.01,0.011,0.013,0.014,0.0152,0.017
0.81,-0.003,-0.002,0,0.002,0.003,0.004,0.006,0.007,0.00819,0.01,0.011,0.013,0.014,0.01519,0.017
0.82,-0.003,-0.002,0,0.002,0.003,0.004,0.006,0.007,0.00818,0.01,0.011,0.013,0.014,0.01518,0.017
0.83,-0.003,-0.002,0,0.002,0.003,0.004,0.006,0.007,0.00817,0.01,0.011,0.013,0.014,0.01517,0.017
0.84,-0.003,-0.002,0,0.002,0.003,0.004,0.006,0.007,0.00816,0.01,0.011,0.013,0.014,0.01516,0.017
0.85,-0.003,-0.002,0,0.002,0.003,0.004,0.006,0.007,0.00815,0.01,0.011,0.013,0.014,0.01515,0.017
0.86,-0.003,-0.002,0,0.002,0.003,0.004,0.006,0.007,0.00814,0.01,0.011,0.013,0.014,0.01514,0.017
0.87,-0.003,-0.002,0,0.002,0.003,0.004,0.006,0.007,0.00813,0.01,0.011,0.013,0.014,0.01513,0.017
0.88,-0.003,-0.002,0,0.002,0.003,0.004,0.006,0.007,0.00812,0.01,0.011,0.013,0.014,0.01512,0.017
0.89,-0.003,-0.002,0,0.002,0.003,0.004,0.006,0.007,0.00811,0.01,0.011,0.013,0.014,0.01511,0.017
0.9,-0.003,-0.002,0,0.002,0.003,0.004,0.006,0.007,0.0081,0.01,0.011,0.013,0.014,0.0151,0.017
0.91,-0.003,-0.002,0,0.002,0.003,0.004,0.006,0.007,0.00809,0.01,0.011,0.013,0.014,0.01509,0.017
0.92,-0.003,-0.002,0,0.002,0.003,0.004,0.006,0.007,0.00808,0.01,0.011,0.013,0.014,0.01508,0.017
0.93,-0.003,-0.002,0,0.002,0.003,0.004,0.006,0.007,0.00807,0.01,0.011,0.013,0.014,0.01507,0.017
0.94,-0.003,-0.002,0,0.002,0.003,0.004,0.006,0.007,0.00806,0.01,0.011,0.013,0.014,0.01506,0.017
0.95,-0.003,-0.002,0,0.002,0.003,0.004,0.006,0.007,0.00805,0.01,0.011,0.013,0.014,0.01505,0.017
0.96,-0.003,-0.002,0,0.002,0.003,0.004,0.006,0.007,0.00804,0.01,0.011,0.013,0.014,0.01504,0.017
0.97,-0.003,-0.002,0,0.002,0.003,0.004,0.006,0.007,0.00803,0.01,0.011,0.013,0.014,0.01503,0.017
0.98,-0.003,-0.002,0,0.002,0.003,0.004,0.006,0.007,0.00802,0.01,0.011,0.013,0.014,0.01502,0.017
0.99,-0.003,-0.002,0,0.002,0.003,0.004,0.006,0.007,0.00801,0.01,0.011,0.013,0.014,0.01501,0.017
1,-0.003,-0.002,0,0.002,0.003,0.004,0.006,0.007,0.008,0.01,0.011,0.013,0.014,0.015,0.017
1.01,-0.003,-0.002,0,0.002,0.003,0.004,0.00599,0.007,0.008,0.01,0.011,0.01299,0.014,0.015,0.01699
1.02,-0.003,-0.002,0,0.002,0.003,0.004,0.00598,0.007,0.008,0.01,0.011,0.01298,0.014,0.015,0.01698
1.03,-0.003,-0.002,0,0.002,0.003,0.004,0.00597,0.007,0.008,0.01,0.011,0.01297,0.014,0.015,0.01697
1.04,-0.003,-0.002,0,0.002,0.003,0.004,0.00596,0.007,0.008,0.01,0.011,0.01296,0.014,0.015,0.01696
1.05,-0.003,-0.002,0,0.002,0.003,0.004,0.00595,0.007,0.008,0.01,0.011,0.01295,0.014,0.015,0.01695
1.06,-0.003,-0.002,0,0.002,0.003,0.004,0.00594,0.007,0.008,0.01,0.011,0.01294,0.014,0.015,0.01694
1.07,-0.003,-0.002,0,0.002,0.003,0.004,0.00593,0.007,0.008,0.01,0.011,0.01293,0.014,0.015,0.01693
1.08,-0.003,-0.002,0,0.002,0.003,0.004,0.00592,0.007,0.008,0.01,0.011,0.01292,0.014,0.015,0.01692
1.09,-0.003,-0.002,0,0.002,0.003,0.004,0.00591,0.007,0.008,0.01,0.011,0.01291,0.014,0.015,0.01691
1.1,-0.003,-0.002,0,0.002,0.003,0.004,0.0059,0.007,0.008,0.01,0.011,0.0129,0.014,0.015,0.0169
1.11,-0.003,-0.002,0,0.002,0.003,0.004,0.00589,0.007,0.008,0.01,0.011,0.01289,0.014,0.015,0.01689
1.12,-0.003,-0.002,0,0.002,0.003,0.004,0.00588,0.007,0.008,0.01,0.011,0.01288,0.014,0.015,0.01688
1.13,-0.003,-0.002,0,0.002,0.003,0.004,0.00587,0.007,0.008,0.01,0.011,0.01287,0.014,0.015,0.01687
1.14,-0.003,-0.002,0,0.002,0.003,0.004,0.00586,0.007,0.008,0.01,0.011,0.01286,0.014,0.015,0.01686
1.15,-0.003,-0.002,0,0.002,0.003,0.004,0.00585,0.007,0.008,0.01,0.011,0.01285,0.014,0.015,0.01685
1.16,-0.003,-0.002,0,0.002,0.003,0.004,0.00584,0.007,0.008,0.01,0.011,0.01284,0.014,0.015,0.01684
1.17,-0.003,-0.002,0,0.002,0.003,0.004,0.00583,0.007,0.008,0.01,0.011,0.01283,0.014,0.015,0.01683
1.18,-0.003,-0.002,0,0.002,0.003,0.004,0.00582,0.007,0.008,0.01,0.011,0.01282,0.014,0.015,0.01682
1.19,-0.003,-0.002,0,0.002,0.003,0.004,0.00581,0.007,0.008,0.01,0.011,0.01281,0.014,0.015,0.01681
1.2,-0.003,-0.002,0,0.002,0.003,0.004,0.0058,0.007,0.008,0.01,0.011,0.0128,0.014,0.015,0.0168
1.21,-0.003,-0.002,0,0.002,0.003,0.004,0.00579,0.007,0.008,0.01,0.011,0.01279,0.014,0.015,0.01679
1.22,-0.003,-0.002,0,0.002,0.003,0.004,0.00578,0.007,0.008,0.01,0.011,0.01278,0.014,0.015,0.01678
1.23,-0.003,-0.002,0,0.002,0.003,0.004,0.00577,0.007,0.008,0.01,0.011,0.01277,0.014,0.015,0.01677
1.24,-0.003,-0.002,0,0.002,0.003,0.004,0.00576,0.007,0.008,0.01,0.011,0.01276,0.014,0.015,0.01676
1.25,-0.003,-0.002,0,0.002,0.003,0.004,0.00575,0.007,0.008,0.01,0.011,0.01275,0.014,0.015,0.01675
1.26,-0.003,-0.002,0,0.002,0.003,0.004,0.00574,0.007,0.008,0.01,0.011,0.01274,0.014,0.015,0.01674
1.27,-0.003,-0.002,0,0.002,0.003,0.004,0.00573,0.007,0.008,0.01,0.011,0.01273,0.014,0.015,0.01673
1.28,-0.003,-0.002,0,0.002,0.003,0.004,0.00572,0.007,0.008,0.01,0.011,0.01272,0.014,0.015,0.01672
1.29,-0.003,-0.002,0,0.002,0.003,0.004,0.00571,0.007,0.008,0.01,0.011,0.01271,0.014,0.015,0.01671
1.3,-0.003,-0.002,0,0.002,0.003,0.004,0.0057,0.007,0.008,0.01,0.011,0.0127,0.014,0.015,0.0167
1.31,-0.003,-0.002,0,0.002,0.003,0.004,0.00569,0.007,0.008,0.01,0.011,0.01269,0.014,0.015,0.01669
1.32,-0.003,-0.002,0,0.002,0.003,0.004,0.00568,0.007,0.008,0.01,0.011,0.01268,0.014,0.015,0.01668
1.33,-0.003,-0.002,0,0.002,0.003,0.004,0.00567,0.007,0.008,0.01,0.011,0.01267,0.014,0.015,0.01667
1.34,-0.003,-0.002,0,0.002,0.003,0.004,0.00566,0.007,0.008,0.01,0.011,0.01266,0.014,0.015,0.01666
1.35,-0.003,-0.002,0,0.002,0.003,0.004,0.00565,0.007,0.008,0.01,0.011,0.01265,0.014,0.015,0.01665
1.36,-0.003,-0.002,0,0.002,0.003,0.004,0.00564,0.007,0.008,0.01,0.011,0.01264,0.014,0.015,0.01664
1.37,-0.003,-0.002,0,0.002,0.003,0.004,0.00563,0.007,0.008,0.01,0.011,0.01263,0.014,0.015,0.01663
1.38,-0.003,-0.002,0,0.002,0.003,0.004,0.00562,0.007,0.008,0.01,0.011,0.01262,0.014,0.015,0.01662
1.39,-0.003,-0.002,0,0.002,0.003,0.004,0.00561,0.007,0.008,0.01,0.011,0.01261,0.014,0.015,0.01661
1.4,-0.003,-0.002,0,0.002,0.003,0.004,0.0056,0.007,0.008,0.01,0.011,0.0126,0.014,0.015,0.0166
1.41,-0.003,-0.002,0,0.002,0.003,0.004,0.00559,0.007,0.008,0.01,0.011,0.01259,0.014,0.015,0.01659
1.42,-0.003,-0.002,0,0.002,0.003,0.004,0.00558,0.007,0.008,0.01,0.011,0.01258,0.014,0.015,0.01658
1.43,-0.003,-0.002,0,0.002,0.003,0.004,0.00557,0.007,0.008,0.01,0.011,0.01257,0.014,0.015,0.01657
1.44,-0.003,-0.002,0,0.002,0.003,0.004,0.00556,0.007,0.008,0.01,0.011,0.01256,0.014,0.015,0.01656
1.45,-0.003,-0.002,0,0.002,0.003,0.004,0.00555,0.007,0.008,0.01,0.011,0.01255,0.014,0.015,0.01655
1.46,-0.003,-0.002,0,0.002,0.003,0.004,0.00554,0.007,0.008,0.01,0.011,0.01254,0.014,0.015,0.01654
1.47,-0.003,-0.002,0,0.002,0.003,0.004,0.00553,0.007,0.008,0.01,0.011,0.01253,0.014,0.015,0.01653
1.48,-0.003,-0.002,0,0.002,0.003,0.004,0.00552,0.007,0.008,0.01,0.011,0.01252,0.014,0.015,0.01652
1.49,-0.003,-0.002,0,0.002,0.003,0.004,0.00551,0.007,0.008,0.01,0.011,0.01251,0.014,0.015,0.01651
1.5,-0.003,-0.002,0,0.002,0.003,0.004,0.0055,0.007,0.008,0.01,0.011,0.0125,0.014,0.015,0.0165
1.51,-0.003,-0.002,0,0.002,0.003,0.004,0.00549,0.007,0.008,0.01,0.011,0.01249,0.014,0.015,0.01649
1.52,-0.003,-0.002,0,0.002,0.003,0.004,0.00548,0.007,0.008,0.01,0.011,0.01248,0.014,0.015,0.01648
1.53,-0.003,-0.002,0,0.002,0.003,0.004,0.00547,0.007,0.008,0.01,0.011,0.01247,0.014,0.015,0.01647
1.54,-0.003,-0.002,0,0.002,0.003,0.004,0.00546,0.007,0.008,0.01,0.011,0.01246,0.014,0.015,0.01646
1.55,-0.003,-0.002,0,0.002,0.003,0.004,0.00545,0.007,0.008,0.01,0.011,0.01245,0.014,0.015,0.01645
1.56,-0.003,-0.002,0,0.002,0.003,0.004,0.00544,0.007,0.008,0.01,0.011,0.01244,0.014,0.015,0.01644
1.57,-0.003,-0.002,0,0.002,0.003,0.004,0.00543,0.007,0.008,0.01,0.011,0.01243,0.014,0.015,0.01643
1.58,-0.003,-0.002,0,0.002,0.003,0.004,0.00542,0.007,0.008,0.01,0.011,0.01242,0.014,0.015,0.01642
1.59,-0.003,-0.002,0,0.002,0.003,0.004,0.00541,0.007,0.008,0.01,0.011,0.01241,0.014,0.015,0.01641
1.6,-0.003,-0.002,0,0.002,0.003,0.004,0.0054,0.007,0.008,0.01,0.011,0.0124,0.014,0.015,0.0164
1.61,-0.003,-0.002,0,0.002,0.003,0.004,0.00539,0.007,0.008,0.01,0.011,0.01239,0.014,0.015,0.01639
1.62,-0.003,-0.002,0,0.002,0.003,0.004,0.00538,0.007,0.008,0.01,0.011,0.01238,0.014,0.015,0.01638
1.63,-0.003,-0.002,0,0.002,0.003,0.004,0.00537,0.007,0.008,0.01,0.011,0.01237,0.014,0.015,0.01637
1.64,-0.003,-0.002,0,0.002,0.003,0.004,0.00536,0.007,0.008,0.01,0.011,0.01236,0.014,0.015,0.01636
1.65,-0.003,-0.002,0,0.002,0.003,0.004,0.00535,0.007,0.008,0.01,0.011,0.01235,0.014,0.015,0.01635
1.66,-0.003,-0.002,0,0.002,0.003,0.004,0.00534,0.007,0.008,0.01,0.011,0.01234,0.014,0.015,0.01634
1.67,-0.003,-0.002,0,0.002,0.003,0.004,0.00533,0.007,0.008,0.01,0.011,0.01233,0.014,0.015,0.01633
1.68,-0.003,-0.002,0,0.002,0.003,0.004,0.00532,0.007,0.008,0.01,0.011,0.01232,0.014,0.015,0.01632
1.69,-0.003,-0.002,0,0.002,0.003,0.004,0.00531,0.007,0.008,0.01,0.011,0.01231,0.014,0.015,0.01631
1.7,-0.003,-0.002,0,0.002,0.003,0.004,0.0053,0.007,0.008,0.01,0.011,0.0123,0.014,0.015,0.0163
1.71,-0.003,-0.002,0,0.002,0.003,0.004,0.00529,0.007,0.008,0.01,0.011,0.01229,0.014,0.015,0.01629
1.72,-0.003,-0.002,0,0.002,0.003,0.004,0.00528,0.007,0.008,0.01,0.011,0.01228,0.014,0.015,0.01628
1.73,-0.003,-0.002,0,0.002,0.003,0.004,0.00527,0.007,0.008,0.01,0.011,0.01227,0.014,0.015,0.01627
1.74,-0.003,-0.002,0,0.002,0.003,0.004,0.00526,0.007,0.008,0.01,0.011,0.01226,0.014,0.015,0.01626
1.75,-0.003,-0.002,0,0.002,0.003,0.004,0.00525,0.007,0.008,0.01,0.011,0.01225,0.014,0.015,0.01625
1.76,-0.003,-0.002,0,0.002,0.003,0.004,0.00524,0.007,0.008,0.01,0.011,0.01224,0.014,0.015,0.01624
1.77,-0.003,-0.002,0,0.002,0.003,0.004,0.00523,0.007,0.008,0.01,0.011,0.01223,0.014,0.015,0.01623
1.78,-0.003,-0.002,0,0.002,0.003,0.004,0.00522,0.007,0.008,0.01,0.011,0.01222,0.014,0.015,0.01622
1.79,-0.003,-0.002,0,0.002,0.003,0.004,0.00521,0.007,0.008,0.01,0.011,0.01221,0.014,0.015,0.01621
1.8,-0.003,-0.002,0,0.002,0.003,0.004,0.0052,0.007,0.008,0.01,0.011,0.0122,0.014,0.015,0.0162
1.81,-0.003,-0.002,0,0.002,0.003,0.004,0.00519,0.007,0.008,0.01,0.011,0.01219,0.014,0.015,0.01619
1.82,-0.003,-0.002,0,0.002,0.003,0.004,0.00518,0.007,0.008,0.01,0.011,0.01218,0.014,0.015,0.01618
1.83,-0.003,-0.002,0,0.002,0.003,0.004,0.00517,0.007,0.008,0.01,0.011,0.01217,0.014,0.015,0.01617
1.84,-0.003,-0.002,0,0.002,0.003,0.004,0.00516,0.007,0.008,0.01,0.011,0.01216,0.014,0.015,0.01616
1.85,-0.003,-0.002,0,0.002,0.003,0.004,0.00515,0.007,0.008,0.01,0.011,0.01215,0.014,0.015,0.01615
1.86,-0.003,-0.002,0,0.002,0.003,0.004,0.00514,0.007,0.008,0.01,0.011,0.01214,0.014,0.015,0.01614
1.87,-0.003,-0.002,0,0.002,0.003,0.004,0.00513,0.007,0.008,0.01,0.011,0.01213,0.014,0.015,0.01613
1.88,-0.003,-0.002,0,0.002,0.003,0.004,0.00512,0.007,0.008,0.01,0.011,0.01212,0.014,0.015,0.01612
1.89,-0.003,-0.002,0,0.002,0.003,0.004,0.00511,0.007,0.008,0.01,0.011,0.01211,0.014,0.015,0.01611
1.9,-0.003,-0.002,0,0.002,0.003,0.004,0.0051,0.007,0.008,0.01,0.011,0.0121,0.014,0.015,0.0161
1.91,-0.003,-0.002,0,0.002,0.003,0.004,0.00509,0.007,0.008,0.01,0.011,0.01209,0.014,0.015,0.01609
1.92,-0.003,-0.002,0,0.002,0.003,0.004,0.00508,0.007,0.008,0.01,0.011,0.01208,0.014,0.015,0.01608
1.93,-0.003,-0.002,0,0.002,0.003,0.004,0.00507,0.007,0.008,0.01,0.011,0.01207,0.014,0.015,0.01607
1.94,-0.003,-0.002,0,0.002,0.003,0.004,0.00506,0.007,0.008,0.01,0.011,0.01206,0.014,0.015,0.01606
1.95,-0.003,-0.002,0,0.002,0.003,0.004,0.00505,0.007,0.008,0.01,0.011,0.01205,0.014,0.015,0.01605
1.96,-0.003,-0.002,0,0.002,0.003,0.004,0.00504,0.007,0.008,0.01,0.011,0.01204,0.014,0.015,0.01604
1.97,-0.003,-0.002,0,0.002,0.003,0.004,0.00503,0.007,0.008,0.01,0.011,0.01203,0.014,0.015,0.01603
1.98,-0.003,-0.002,0,0.002,0.003,0.004,0.00502,0.007,0.008,0.01,0.011,0.01202,0.014,0.015,0.01602
1.99,-0.003,-0.002,0,0.002,0.003,0.004,0.00501,0.007,0.008,0.01,0.011,0.01201,0.014,0.015,0.01601
2,-0.003,-0.002,0,0.002,0.003,0.004,0.005,0.007,0.008,0.01,0.011,0.012,0.014,0.015,0.016
2.01,-0.003,-0.002,0,0.002,0.003,0.004,0.005,0.007,0.008,0.00999,0.011,0.012,0.01399,0.015,0.016
2.02,-0.003,-0.002,0,0.002,0.003,0.004,0.005,0.007,0.008,0.00998,0.011,0.012,0.01398,0.015,0.016
2.03,-0.003,-0.002,0,0.002,0.003,0.004,0.005,0.007,0.008,0.00997,0.011,0.012,0.01397,0.015,0.016
2.04,-0.003,-0.002,0,0.002,0.003,0.004,0.005,0.007,0.008,0.00996,0.011,0.012,0.01396,0.015,0.016
2.05,-0.003,-0.002,0,0.002,0.003,0.004,0.005,0.007,0.008,0.00995,0.011,0.012,0.01395,0.015,0.016
2.06,-0.003,-0.002,0,0.002,0.003,0.004,0.005,0.007,0.008,0.00994,0.011,0.012,0.01394,0.015,0.016
2.07,-0.003,-0.002,0,0.002,0.003,0.004,0.005,0.007,0.008,0.00993,0.011,0.012,0.01393,0.015,0.016
2.08,-0.003,-0.002,0,0.002,0.003,0.004,0.005,0.007,0.008,0.00992,0.011,0.012,0.01392,0.015,0.016
2.09,-0.003,-0.002,0,0.002,0.003,0.004,0.005,0.007,0.008,0.00991,0.011,0.012,0.01391,0.015,0.016
2.1,-0.003,-0.002,0,0.002,0.003,0.004,0.005,0.007,0.008,0.0099,0.011,0.012,0.0139,0.015,0.016
2.11,-0.003,-0.002,0,0.002,0.003,0.004,0.005,0.007,0.008,0.00989,0.011,0.012,0.01389,0.015,0.016
2.12,-0.003,-0.002,0,0.002,0.003,0.004,0.005,0.007,0.008,0.00988,0.011,0.012,0.01388,0.015,0.016
2.13,-0.003,-0.002,0,0.002,0.003,0.004,0.005,0.007,0.008,0.00987,0.011,0.012,0.01387,0.015,0.016
2.14,-0.003,-0.002,0,0.002,0.003,0.004,0.005,0.007,0.008,0.00986,0.011,0.012,0.01386,0.015,0.016
2.15,-0.003,-0.002,0,0.002,0.003,0.004,0.005,0.007,0.008,0.00985,0.011,0.012,0.01385,0.015,0.016
2.16,-0.003,-0.002,0,0.002,0.003,0.004,0.005,0.007,0.008,0.00984,0.011,0.012,0.01384,0.015,0.016
2.17,-0.003,-0.002,0,0.002,0.003,0.004,0.005,0.007,0.008,0.00983,0.011,0.012,0.01383,0.015,0.016
2.18,-0.003,-0.002,0,0.002,0.003,0.004,0.005,0.007,0.008,0.00982,0.011,0.012,0.01382,0.015,0.016
2.19,-0.003,-0.002,0,0.002,0.003,0.004,0.005,0.007,0.008,0.00981,0.011,0.012,0.01381,0.015,0.016
2.2,-0.003,-0.002,0,0.002,0.003,0.004,0.005,0.007,0.008,0.0098,0.011,0.012,0.0138,0.015,0.016
2.21,-0.003,-0.002,0,0.002,0.003,0.004,0.005,0.007,0.008,0.00979,0.011,0.012,0.01379,0.015,0.016
2.22,-0.003,-0.002,0,0.002,0.003,0.004,0.005,0.007,0.008,0.00978,0.011,0.012,0.01378,0.015,0.016
2.23,-0.003,-0.002,0,0.002,0.003,0.004,0.005,0.007,0.008,0.00977,0.011,0.012,0.01377,0.015,0.016
2.24,-0.003,-0.002,0,0.002,0.003,0.004,0.005,0.007,0.008,0.00976,0.011,0.012,0.01376,0.015,0.016
2.25,-0.003,-0.002,0,0.002,0.003,0.004,0.005,0.007,0.008,0.00975,0.011,0.012,0.01375,0.015,0.016
2.26,-0.003,-0.002,0,0.002,0.003,0.004,0.005,0.007,0.008,0.00974,0.011,0.012,0.01374,0.015,0.016
2.27,-0.003,-0.002,0,0.002,0.003,0.004,0.005,0.007,0.008,0.00973,0.011,0.012,0.01373,0.015,0.016
2.28,-0.003,-0.002,0,0.002,0.003,0.004,0.005,0.007,0.008,0.00972,0.011,0.012,0.01372,0.015,0.016
2.29,-0.003,-0.002,0,0.002,0.003,0.004,0.005,0.007,0.008,0.00971,0.011,0.012,0.01371,0.015,0.016
2.3,-0.003,-0.002,0,0.002,0.003,0.004,0.005,0.007,0.008,0.0097,0.011,0.012,0.0137,0.015,0.016
2.31,-0.003,-0.002,0,0.002,0.003,0.004,0.005,0.007,0.008,0.00969,0.011,0.012,0.01369,0.015,0.016
2.32,-0.003,-0.002,0,0.002,0.003,0.004,0.005,0.007,0.008,0.00968,0.011,0.012,0.01368,0.015,0.016
2.33,-0.003,-0.002,0,0.002,0.003,0.004,0.005,0.007,0.008,0.00967,0.011,0.012,0.01367,0.015,0.016
2.34,-0.003,-0.002,0,0.002,0.003,0.004,0.005,0.007,0.008,0.00966,0.011,0.012,0.01366,0.015,0.016
2.35,-0.003,-0.002,0,0.002,0.003,0.004,0.005,0.007,0.008,0.00965,0.011,0.012,0.01365,0.015,0.016
2.36,-0.003,-0.002,0,0.002,0.003,0.004,0.005,0.007,0.008,0.00964,0.011,0.012,0.01364,0.015,0.016
2.37,-0.003,-0.002,0,0.002,0.003,0.004,0.005,0.007,0.008,0.00963,0.011,0.012,0.01363,0.015,0.016
2.38,-0.003,-0.002,0,0.002,0.003,0.004,0.005,0.007,0.008,0.00962,0.011,0.012,0.01362,0.015,0.016
2.39,-0.003,-0.002,0,0.002,0.003,0.004,0.005,0.007,0.008,0.00961,0.011,0.012,0.01361,0.015,0.016
2.4,-0.003,-0.002,0,0.002,0.003,0.004,0.005,0.007,0.008,0.0096,0.011,0.012,0.0136,0.015,0.016
2.41,-0.003,-0.002,0,0.002,0.003,0.004,0.005,0.007,0.008,0.00959,0.011,0.012,0.01359,0.015,0.016
2.42,-0.003,-0.002,0,0.002,0.003,0.004,0.005,0.007,0.008,0.00958,0.011,0.012,0.01358,0.015,0.016
2.43,-0.003,-0.002,0,0.002,0.003,0.004,0.005,0.007,0.008,0.00957,0.011,0.012,0.01357,0.015,0.016
2.44,-0.003,-0.002,0,0.002,0.003,0.004,0.005,0.007,0.008,0.00956,0.011,0.012,0.01356,0.015,0.016
2.45,-0.003,-0.002,0,0.002,0.003,0.004,0.005,0.007,0.008,0.00955,0.011,0.012,0.01355,0.015,0.016
2.46,-0.003,-0.002,0,0.002,0.003,0.004,0.005,0.007,0.008,0.00954,0.011,0.012,0.01354,0.015,0.016
2.47,-0.003,-0.002,0,0.002,0.003,0.004,0.005,0.007,0.008,0.00953,0.011,0.012,0.01353,0.015,0.016
2.48,-0.003,-0.002,0,0.002,0.003,0.004,0.005,0.007,0.008,0.00952,0.011,0.012,0.01352,0.015,0.016
2.49,-0.003,-0.002,0,0.002,0.003,0.004,0.005,0.007,0.008,0.00951,0.011,0.012,0.01351,0.015,0.016
2.5,-0.003,-0.002,0,0.002,0.003,0.004,0.005,0.007,0.008,0.0095,0.011,0.012,0.0135,0.015,0.016
2.51,-0.003,-0.002,0,0.002,0.003,0.004,0.005,0.007,0.008,0.00949,0.011,0.012,0.01349,0.015,0.016
2.52,-0.003,-0.002,0,0.002,0.003,0.004,0.005,0.007,0.008,0.00948,0.011,0.012,0.01348,0.015,0.016
2.53,-0.003,-0.002,0,0.002,0.003,0.004,0.005,0.007,0.008,0.00947,0.011,0.012,0.01347,0.015,0.016
2.54,-0.003,-0.002,0,0.002,0.003,0.004,0.005,0.007,0.008,0.00946,0.011,0.012,0.01346,0.015,0.016
2.55,-0.003,-0.002,0,0.002,0.003,0.004,0.005,0.007,0.008,0.00945,0.011,0.012,0.01345,0.015,0.016
2.56,-0.003,-0.002,0,0.002,0.003,0.004,0.005,0.007,0.008,0.00944,0.011,0.012,0.01344,0.015,0.016
2.57,-0.003,-0.002,0,0.002,0.003,0.004,0.005,0.007,0.008,0.00943,0.011,0.012,0.01343,0.015,0.016
2.58,-0.003,-0.002,0,0.002,0.003,0.004,0.005,0.007,0.008,0.00942,0.011,0.012,0.01342,0.015,0.016
2.59,-0.003,-0.002,0,0.002,0.003,0.004,0.005,0.007,0.008,0.00941,0.011,0.012,0.01341,0.015,0.016
2.6,-0.003,-0.002,0,0.002,0.003,0.004,0.005,0.007,0.008,0.0094,0.011,0.012,0.0134,0.015,0.016
2.61,-0.003,-0.002,0,0.002,0.003,0.004,0.005,0.007,0.008,0.00939,0.011,0.012,0.01339,0.015,0.016
2.62,-0.003,-0.002,0,0.002,0.003,0.004,0.005,0.007,0.008,0.00938,0.011,0.012,0.01338,0.015,0.016
2.63,-0.003,-0.002,0,0.002,0.003,0.004,0.005,0.007,0.008,0.00937,0.011,0.012,0.01337,0.015,0.016
2.64,-0.003,-0.002,0,0.002,0.003,0.004,0.005,0.007,0.008,0.00936,0.011,0.012,0.01336,0.015,0.016
2.65,-0.003,-0.002,0,0.002,0.003,0.004,0.005,0.007,0.008,0.00935,0.011,0.012,0.01335,0.015,0.016
2.66,-0.003,-0.002,0,0.002,0.003,0.004,0.005,0.007,0.008,0.00934,0.011,0.012,0.01334,0.015,0.016
2.67,-0.003,-0.002,0,0.002,0.003,0.004,0.005,0.007,0.008,0.00933,0.011,0.012,0.01333,0.015,0.016
2.68,-0.003,-0.002,0,0.002,0.003,0.004,0.005,0.007,0.008,0.00932,0.011,0.012,0.01332,0.015,0.016
2.69,-0.003,-0.002,0,0.002,0.003,0.004,0.005,0.007,0.008,0.00931,0.011,0.012,0.01331,0.015,0.016
2.7,-0.003,-0.002,0,0.002,0.003,0.004,0.005,0.007,0.008,0.0093,0.011,0.012,0.0133,0.015,0.016
2.71,-0.003,-0.002,0,0.002,0.003,0.004,0.005,0.007,0.008,0.00929,0.011,0.012,0.01329,0.015,0.016
2.72,-0.003,-0.002,0,0.002,0.003,0.004,0.005,0.007,0.008,0.00928,0.011,0.012,0.01328,0.015,0.016
2.73,-0.003,-0.002,0,0.002,0.003,0.004,0.005,0.007,0.008,0.00927,0.011,0.012,0.01327,0.015,0.016
2.74,-0.003,-0.002,0,0.002,0.003,0.004,0.005,0.007,0.008,0.00926,0.011,0.012,0.01326,0.015,0.016
2.75,-0.003,-0.002,0,0.002,0.003,0.004,0.005,0.007,0.008,0.00925,0.011,0.012,0.01325,0.015,0.016
2.76,-0.003,-0.002,0,0.002,0.003,0.004,0.005,0.007,0.008,0.00924,0.011,0.012,0.01324,0.015,0.016
2.77,-0.003,-0.002,0,0.002,0.003,0.004,0.005,0.007,0.008,0.00923,0.011,0.012,0.01323,0.015,0.016
2.78,-0.003,-0.002,0,0.002,0.003,0.004,0.005,0.007,0.008,0.00922,0.011,0.012,0.01322,0.015,0.016
2.79,-0.003,-0.002,0,0.002,0.003,0.004,0.005,0.007,0.008,0.00921,0.011,0.012,0.01321,0.015,0.016
2.8,-0.003,-0.002,0,0.002,0.003,0.004,0.005,0.007,0.008,0.0092,0.011,0.012,0.0132,0.015,0.016
2.81,-0.003,-0.002,0,0.002,0.003,0.004,0.005,0.007,0.008,0.00919,0.011,0.012,0.01319,0.015,0.016
2.82,-0.003,-0.002,0,0.002,0.003,0.004,0.005,0.007,0.008,0.00918,0.011,0.012,0.01318,0.015,0.016
2.83,-0.003,-0.002,0,0.002,0.003,0.004,0.005,0.007,0.008,0.00917,0.011,0.012,0.01317,0.015,0.016
2.84,-0.003,-0.002,0,0.002,0.003,0.004,0.005,0.007,0.008,0.00916,0.011,0.012,0.01316,0.015,0.016
2.85,-0.003,-0.002,0,0.002,0.003,0.004,0.005,0.007,0.008,0.00915,0.011,0.012,0.01315,0.015,0.016
2.86,-0.003,-0.002,0,0.002,0.003,0.004,0.005,0.007,0.008,0.00914,0.011,0.012,0.01314,0.015,0.016
2.87,-0.003,-0.002,0,0.002,0.003,0.004,0.005,0.007,0.008,0.00913,0.011,0.012,0.01313,0.015,0.016
2.88,-0.003,-0.002,0,0.002,0.003,0.004,0.005,0.007,0.008,0.00912,0.011,0.012,0.01312,0.015,0.016
2.89,-0.003,-0.002,0,0.002,0.003,0.004,0.005,0.007,0.008,0.00911,0.011,0.012,0.01311,0.015,0.016
2.9,-0.003,-0.002,0,0.002,0.003,0.004,0.005,0.007,0.008,0.0091,0.011,0.012,0.0131,0.015,0.016
2.91,-0.003,-0.002,0,0.002,0.003,0.004,0.005,0.007,0.008,0.00909,0.011,0.012,0.01309,0.015,0.016
2.92,-0.003,-0.002,0,0.002,0.003,0.004,0.005,0.007,0.008,0.00908,0.011,0.012,0.01308,0.015,0.016
2.93,-0.003,-0.002,0,0.002,0.003,0.004,0.005,0.007,0.008,0.00907,0.011,0.012,0.01307,0.015,0.016
2.94,-0.003,-0.002,0,0.002,0.003,0.004,0.005,0.007,0.008,0.00906,0.011,0.012,0.01306,0.015,0.016
2.95,-0.003,-0.002,0,0.002,0.003,0.004,0.005,0.007,0.008,0.00905,0.011,0.012,0.01305,0.015,0.016
2.96,-0.003,-0.002,0,0.002,0.003,0.004,0.005,0.007,0.008,0.00904,0.011,0.012,0.01304,0.015,0.016
2.97,-0.003,-0.002,0,0.002,0.003,0.004,0.005,0.007,0.008,0.00903,0.011,0.012,0.01303,0.015,0.016
2.98,-0.003,-0.002,0,0.002,0.003,0.004,0.005,0.007,0.008,0.00902,0.011,0.012,0.01302,0.015,0.016
2.99,-0.003,-0.002,0,0.002,0.003,0.004,0.005,0.007,0.008,0.00901,0.011,0.012,0.01301,0.015,0.016
3,-0.003,-0.002,0,0.002,0.003,0.004,0.005,0.007,0.008,0.009,0.011,0.012,0.013,0.015,0.016
3.01,-0.003,-0.00199,0,0.00199,0.003,0.004,0.005,0.00699,0.008,0.009,0.01099,0.012,0.013,0.01499,0.01599
3.02,-0.003,-0.00198,0,0.00198,0.003,0.004,0.005,0.00698,0.008,0.009,0.01098,0.012,0.013,0.01498,0.01598
3.03,-0.003,-0.00197,0,0.00197,0.003,0.004,0.005,0.00697,0.008,0.009,0.01097,0.012,0.013,0.01497,0.01597
3.04,-0.003,-0.00196,0,0.00196,0.003,0.004,0.005,0.00696,0.008,0.009,0.01096,0.012,0.013,0.01496,0.01596
3.05,-0.003,-0.00195,0,0.00195,0.003,0.004,0.005,0.00695,0.008,0.009,0.01095,0.012,0.013,0.01495,0.01595
3.06,-0.003,-0.00194,0,0.00194,0.003,0.004,0.005,0.00694,0.008,0.009,0.01094,0.012,0.013,0.01494,0.01594
3.07,-0.003,-0.00193,0,0.00193,0.003,0.004,0.005,0.00693,0.008,0.009,0.01093,0.012,0.013,0.01493,0.01593
3.08,-0.003,-0.00192,0,0.00192,0.003,0.004,0.005,0.00692,0.008,0.009,0.01092,0.012,0.013,0.01492,0.01592
3.09,-0.003,-0.00191,0,0.00191,0.003,0.004,0.005,0.00691,0.008,0.009,0.01091,0.012,0.013,0.01491,0.01591
3.1,-0.003,-0.0019,0,0.0019,0.003,0.004,0.005,0.0069,0.008,0.009,0.0109,0.012,0.013,0.0149,0.0159
3.11,-0.003,-0.00189,0,0.00189,0.003,0.004,0.005,0.00689,0.008,0.009,0.01089,0.012,0.013,0.01489,0.01589
3.12,-0.003,-0.00188,0,0.00188,0.003,0.004,0.005,0.00688,0.008,0.009,0.01088,0.012,0.013,0.01488,0.01588
3.13,-0.003,-0.00187,0,0.00187,0.003,0.004,0.005,0.00687,0.008,0.009,0.01087,0.012,0.013,0.01487,0.01587
3.14,-0.003,-0.00186,0,0.00186,0.003,0.004,0.005,0.00686,0.008,0.009,0.01086,0.012,0.013,0.01486,0.01586
3.15,-0.003,-0.00185,0,0.00185,0.003,0.004,0.005,0.00685,0.008,0.009,0.01085,0.012,0.013,0.01485,0.01585
3.16,-0.003,-0.00184,0,0.00184,0.003,0.004,0.005,0.00684,0.008,0.009,0.01084,0.012,0.013,0.01484,0.01584
3.17,-0.003,-0.00183,0,0.00183,0.003,0.004,0.005,0.00683,0.008,0.009,0.01083,0.012,0.013,0.01483,0.01583
3.18,-0.003,-0.00182,0,0.00182,0.003,0.004,0.005,0.00682,0.008,0.009,0.01082,0.012,0.013,0.01482,0.01582
3.19,-0.003,-0.00181,0,0.00181,0.003,0.004,0.005,0.00681,0.008,0.009,0.01081,0.012,0.013,0.01481,0.01581
3.2,-0.003,-0.0018,0,0.0018,0.003,0.004,0.005,0.0068,0.008,0.009,0.0108,0.012,0.013,0.0148,0.0158
3.21,-0.003,-0.00179,0,0.00179,0.003,0.004,0.005,0.00679,0.008,0.009,0.01079,0.012,0.013,0.01479,0.01579
3.22,-0.003,-0.00178,0,0.00178,0.003,0.004,0.005,0.00678,0.008,0.009,0.01078,0.012,0.013,0.01478,0.01578
3.23,-0.003,-0.00177,0,0.00177,0.003,0.004,0.005,0.00677,0.008,0.009,0.01077,0.012,0.013,0.01477,0.01577
3.24,-0.003,-0.00176,0,0.00176,0.003,0.004,0.005,0.00676,0.008,0.009,0.01076,0.012,0.013,0.01476,0.01576
3.25,-0.003,-0.00175,0,0.00175,0.003,0.004,0.005,0.00675,0.008,0.009,0.01075,0.012,0.013,0.01475,0.01575
3.26,-0.003,-0.00174,0,0.00174,0.003,0.004,0.005,0.00674,0.008,0.009,0.01074,0.012,0.013,0.01474,0.01574
3.27,-0.003,-0.00173,0,0.00173,0.003,0.004,0.005,0.00673,0.008,0.009,0.01073,0.012,0.013,0.01473,0.01573
3.28,-0.003,-0.00172,0,0.00172,0.003,0.004,0.005,0.00672,0.008,0.009,0.01072,0.012,0.013,0.01472,0.01572
3.29,-0.003,-0.00171,0,0.00171,0.003,0.004,0.005,0.00671,0.008,0.009,0.01071,0.012,0.013,0.01471,0.01571
3.3,-0.003,-0.0017,0,0.0017,0.003,0.004,0.005,0.0067,0.008,0.009,0.0107,0.012,0.013,0.0147,0.0157
3.31,-0.003,-0.00169,0,0.00169,0.003,0.004,0.005,0.00669,0.008,0.009,0.01069,0.012,0.013,0.01469,0.01569
3.32,-0.003,-0.00168,0,0.00168,0.003,0.004,0.005,0.00668,0.008,0.009,0.01068,0.012,0.013,0.01468,0.01568
3.33,-0.003,-0.00167,0,0.00167,0.003,0.004,0.005,0.00667,0.008,0.009,0.01067,0.012,0.013,0.01467,0.01567
3.34,-0.003,-0.00166,0,0.00166,0.003,0.004,0.005,0.00666,0.008,0.009,0.01066,0.012,0.013,0.01466,0.01566
3.35,-0.003,-0.00165,0,0.00165,0.003,0.004,0.005,0.00665,0.008,0.009,0.01065,0.012,0.013,0.01465,0.01565
3.36,-0.003,-0.00164,0,0.00164,0.003,0.004,0.005,0.00664,0.008,0.009,0.01064,0.012,0.013,0.01464,0.01564
3.37,-0.003,-0.00163,0,0.00163,0.003,0.004,0.005,0.00663,0.008,0.009,0.01063,0.012,0.013,0.01463,0.01563
3.38,-0.003,-0.00162,0,0.00162,0.003,0.004,0.005,0.00662,0.008,0.009,0.01062,0.012,0.013,0.01462,0.01562
3.39,-0.003,-0.00161,0,0.00161,0.003,0.004,0.005,0.00661,0.008,0.009,0.01061,0.012,0.013,0.01461,0.01561
3.4,-0.003,-0.0016,0,0.0016,0.003,0.004,0.005,0.0066,0.008,0.009,0.0106,0.012,0.013,0.0146,0.0156
3.41,-0.003,-0.00159,0,0.00159,0.003,0.004,0.005,0.00659,0.008,0.009,0.01059,0.012,0.013,0.01459,0.01559
3.42,-0.003,-0.00158,0,0.00158,0.003,0.004,0.005,0.00658,0.008,0.009,0.01058,0.012,0.013,0.01458,0.01558
3.43,-0.003,-0.00157,0,0.00157,0.003,0.004,0.005,0.00657,0.008,0.009,0.01057,0.012,0.013,0.01457,0.01557
3.44,-0.003,-0.00156,0,0.00156,0.003,0.004,0.005,0.00656,0.008,0.009,0.01056,0.012,0.013,0.01456,0.01556
3.45,-0.003,-0.00155,0,0.00155,0.003,0.004,0.005,0.00655,0.008,0.009,0.01055,0.012,0.013,0.01455,0.01555
3.46,-0.003,-0.00154,0,0.00154,0.003,0.004,0.005,0.00654,0.008,0.009,0.01054,0.012,0.013,0.01454,0.01554
3.47,-0.003,-0.00153,0,0.00153,0.003,0.004,0.005,0.00653,0.008,0.009,0.01053,0.012,0.013,0.01453,0.01553
3.48,-0.003,-0.00152,0,0.00152,0.003,0.004,0.005,0.00652,0.008,0.009,0.01052,0.012,0.013,0.01452,0.01552
3.49,-0.003,-0.00151,0,0.00151,0.003,0.004,0.005,0.00651,0.008,0.009,0.01051,0.012,0.013,0.01451,0.01551
3.5,-0.003,-0.0015,0,0.0015,0.003,0.004,0.005,0.0065,0.008,0.009,0.0105,0.012,0.013,0.0145,0.0155
3.51,-0.003,-0.00149,0,0.00149,0.003,0.004,0.005,0.00649,0.008,0.009,0.01049,0.012,0.013,0.01449,0.01549
3.52,-0.003,-0.00148,0,0.00148,0.003,0.004,0.005,0.00648,0.008,0.009,0.01048,0.012,0.013,0.01448,0.01548
3.53,-0.003,-0.00147,0,0.00147,0.003,0.004,0.005,0.00647,0.008,0.009,0.01047,0.012,0.013,0.01447,0.01547
3.54,-0.003,-0.00146,0,0.00146,0.003,0.004,0.005,0.00646,0.008,0.009,0.01046,0.012,0.013,0.01446,0.01546
3.55,-0.003,-0.00145,0,0.00145,0.003,0.004,0.005,0.00645,0.008,0.009,0.01045,0.012,0.013,0.01445,0.01545
3.56,-0.003,-0.00144,0,0.00144,0.003,0.004,0.005,0.00644,0.008,0.009,0.01044,0.012,0.013,0.01444,0.01544
3.57,-0.003,-0.00143,0,0.00143,0.003,0.004,0.005,0.00643,0.008,0.009,0.01043,0.012,0.013,0.01443,0.01543
3.58,-0.003,-0.00142,0,0.00142,0.003,0.004,0.005,0.00642,0.008,0.009,0.01042,0.012,0.013,0.01442,0.01542
3.59,-0.003,-0.00141,0,0.00141,0.003,0.004,0.005,0.00641,0.008,0.009,0.01041,0.012,0.013,0.01441,0.01541
3.6,-0.003,-0.0014,0,0.0014,0.003,0.004,0.005,0.0064,0.008,0.009,0.0104,0.012,0.013,0.0144,0.0154
3.61,-0.003,-0.00139,0,0.00139,0.003,0.004,0.005,0.00639,0.008,0.009,0.01039,0.012,0.013,0.01439,0.01539
3.62,-0.003,-0.00138,0,0.00138,0.003,0.004,0.005,0.00638,0.008,0.009,0.01038,0.012,0.013,0.01438,0.01538
3.63,-0.003,-0.00137,0,0.00137,0.003,0.004,0.005,0.00637,0.008,0.009,0.01037,0.012,0.013,0.01437,0.01537
3.64,-0.003,-0.00136,0,0.00136,0.003,0.004,0.005,0.00636,0.008,0.009,0.01036,0.012,0.013,0.01436,0.01536
3.65,-0.003,-0.00135,0,0.00135,0.003,0.004,0.005,0.00635,0.008,0.009,0.01035,0.012,0.013,0.01435,0.01535
3.66,-0.003,-0.00134,0,0.00134,0.003,0.004,0.005,0.00634,0.008,0.009,0.01034,0.012,0.013,0.01434,0.01534
3.67,-0.003,-0.00133,0,0.00133,0.003,0.004,0.005,0.00633,0.008,0.009,0.01033,0.012,0.013,0.01433,0.01533
3.68,-0.003,-0.00132,0,0.00132,0.003,0.004,0.005,0.00632,0.008,0.009,0.01032,0.012,0.013,0.01432,0.01532
3.69,-0.003,-0.00131,0,0.00131,0.003,0.004,0.005,0.00631,0.008,0.009,0.01031,0.012,0.013,0.01431,0.01531
3.7,-0.003,-0.0013,0,0.0013,0.003,0.004,0.005,0.0063,0.008,0.009,0.0103,0.012,0.013,0.0143,0.0153
3.71,-0.003,-0.00129,0,0.00129,0.003,0.004,0.005,0.00629,0.008,0.009,0.01029,0.012,0.013,0.01429,0.01529
3.72,-0.003,-0.00128,0,0.00128,0.003,0.004,0.005,0.00628,0.008,0.009,0.01028,0.012,0.013,0.01428,0.01528
3.73,-0.003,-0.00127,0,0.00127,0.003,0.004,0.005,0.00627,0.008,0.009,0.01027,0.012,0.013,0.01427,0.01527
3.74,-0.003,-0.00126,0,0.00126,0.003,0.004,0.005,0.00626,0.008,0.009,0.01026,0.012,0.013,0.01426,0.01526
3.75,-0.003,-0.00125,0,0.00125,0.003,0.004,0.005,0.00625,0.008,0.009,0.01025,0.012,0.013,0.01425,0.01525
3.76,-0.003,-0.00124,0,0.00124,0.003,0.004,0.005,0.00624,0.008,0.009,0.01024,0.012,0.013,0.01424,0.01524
3.77,-0.003,-0.00123,0,0.00123,0.003,0.004,0.005,0.00623,0.008,0.009,0.01023,0.012,0.013,0.01423,0.01523
3.78,-0.003,-0.00122,0,0.00122,0.003,0.004,0.005,0.00622,0.008,0.009,0.01022,0.012,0.013,0.01422,0.01522
3.79,-0.003,-0.00121,0,0.00121,0.003,0.004,0.005,0.00621,0.008,0.009,0.01021,0.012,0.013,0.01421,0.01521
3.8,-0.003,-0.0012,0,0.0012,0.003,0.004,0.005,0.0062,0.008,0.009,0.0102,0.012,0.013,0.0142,0.0152
3.81,-0.003,-0.00119,0,0.00119,0.003,0.004,0.005,0.00619,0.008,0.009,0.01019,0.012,0.013,0.01419,0.01519
3.82,-0.003,-0.00118,0,0.00118,0.003,0.004,0.005,0.00618,0.008,0.009,0.01018,0.012,0.013,0.01418,0.01518
3.83,-0.003,-0.00117,0,0.00117,0.003,0.004,0.005,0.00617,0.008,0.009,0.01017,0.012,0.013,0.01417,0.01517
3.84,-0.003,-0.00116,0,0.00116,0.003,0.004,0.005,0.00616,0.008,0.009,0.01016,0.012,0.013,0.01416,0.01516
3.85,-0.003,-0.00115,0,0.00115,0.003,0.004,0.005,0.00615,0.008,0.009,0.01015,0.012,0.013,0.01415,0.01515
3.86,-0.003,-0.00114,0,0.00114,0.003,0.004,0.005,0.00614,0.008,0.009,0.01014,0.012,0.013,0.01414,0.01514
3.87,-0.003,-0.00113,0,0.00113,0.003,0.004,0.005,0.00613,0.008,0.009,0.01013,0.012,0.013,0.01413,0.01513
3.88,-0.003,-0.00112,0,0.00112,0.003,0.004,0.005,0.00612,0.008,0.009,0.01012,0.012,0.013,0.01412,0.01512
3.89,-0.003,-0.00111,0,0.00111,0.003,0.004,0.005,0.00611,0.008,0.009,0.01011,0.012,0.013,0.01411,0.01511
3.9,-0.003,-0.0011,0,0.0011,0.003,0.004,0.005,0.0061,0.008,0.009,0.0101,0.012,0.013,0.0141,0.0151
3.91,-0.003,-0.00109,0,0.00109,0.003,0.004,0.005,0.00609,0.008,0.009,0.01009,0.012,0.013,0.01409,0.01509
3.92,-0.003,-0.00108,0,0.00108,0.003,0.004,0.005,0.00608,0.008,0.009,0.01008,0.012,0.013,0.01408,0.01508
3.93,-0.003,-0.00107,0,0.00107,0.003,0.004,0.005,0.00607,0.008,0.009,0.01007,0.012,0.013,0.01407,0.01507
3.94,-0.003,-0.00106,0,0.00106,0.003,0.004,0.005,0.00606,0.008,0.009,0.01006,0.012,0.013,0.01406,0.01506
3.95,-0.003,-0.00105,0,0.00105,0.003,0.004,0.005,0.00605,0.008,0.009,0.01005,0.012,0.013,0.01405,0.01505
3.96,-0.003,-0.00104,0,0.00104,0.003,0.004,0.005,0.00604,0.008,0.009,0.01004,0.012,0.013,0.01404,0.01504
3.97,-0.003,-0.00103,0,0.00103,0.003,0.004,0.005,0.00603,0.008,0.009,0.01003,0.012,0.013,0.01403,0.01503
3.98,-0.003,-0.00102,0,0.00102,0.003,0.004,0.005,0.00602,0.008,0.009,0.01002,0.012,0.013,0.01402,0.01502
3.99,-0.003,-0.00101,0,0.00101,0.003,0.004,0.005,0.00601,0.008,0.009,0.01001,0.012,0.013,0.01401,0.01501
4,-0.003,-0.001,0,0.001,0.003,0.004,0.005,0.006,0.008,0.009,0.01,0.012,0.013,0.014,0.015
4.01,-0.00299,-0.001,0,0.001,0.00299,0.004,0.005,0.006,0.008,0.009,0.01,0.01199,0.01299,0.014,0.015
4.02,-0.00298,-0.001,0,0.001,0.00298,0.004,0.005,0.006,0.008,0.009,0.01,0.01198,0.01298,0.014,0.015
4.03,-0.00297,-0.001,0,0.001,0.00297,0.004,0.005,0.006,0.008,0.009,0.01,0.01197,0.01297,0.014,0.015
4.04,-0.00296,-0.001,0,0.001,0.00296,0.004,0.005,0.006,0.008,0.009,0.01,0.01196,0.01296,0.014,0.015
4.05,-0.00295,-0.001,0,0.001,0.00295,0.004,0.005,0.006,0.008,0.009,0.01,0.01195,0.01295,0.014,0.015
4.06,-0.00294,-0.001,0,0.001,0.00294,0.004,0.005,0.006,0.008,0.009,0.01,0.01194,0.01294,0.014,0.015
4.07,-0.00293,-0.001,0,0.001,0.00293,0.004,0.005,0.006,0.008,0.009,0.01,0.01193,0.01293,0.014,0.015
4.08,-0.00292,-0.001,0,0.001,0.00292,0.004,0.005,0.006,0.008,0.009,0.01,0.01192,0.01292,0.014,0.015
4.09,-0.00291,-0.001,0,0.001,0.00291,0.004,0.005,0.006,0.008,0.009,0.01,0.01191,0.01291,0.014,0.015
4.1,-0.0029,-0.001,0,0.001,0.0029,0.004,0.005,0.006,0.008,0.009,0.01,0.0119,0.0129,0.014,0.015
4.11,-0.00289,-0.001,0,0.001,0.00289,0.004,0.005,0.006,0.008,0.009,0.01,0.01189,0.01289,0.014,0.015
4.12,-0.00288,-0.001,0,0.001,0.00288,0.004,0.005,0.006,0.008,0.009,0.01,0.01188,0.01288,0.014,0.015
4.13,-0.00287,-0.001,0,0.001,0.00287,0.004,0.005,0.006,0.008,0.009,0.01,0.01187,0.01287,0.014,0.015
4.14,-0.00286,-0.001,0,0.001,0.00286,0.004,0.005,0.006,0.008,0.009,0.01,0.01186,0.01286,0.014,0.015
4.15,-0.00285,-0.001,0,0.001,0.00285,0.004,0.005,0.006,0.008,0.009,0.01,0.01185,0.01285,0.014,0.015
4.16,-0.00284,-0.001,0,0.001,0.00284,0.004,0.005,0.006,0.008,0.009,0.01,0.01184,0.01284,0.014,0.015
4.17,-0.00283,-0.001,0,0.001,0.00283,0.004,0.005,0.006,0.008,0.009,0.01,0.01183,0.01283,0.014,0.015
4.18,-0.00282,-0.001,0,0.001,0.00282,0.004,0.005,0.006,0.008,0.009,0.01,0.01182,0.01282,0.014,0.015
4.19,-0.00281,-0.001,0,0.001,0.00281,0.004,0.005,0.006,0.008,0.009,0.01,0.01181,0.01281,0.014,0.015
4.2,-0.0028,-0.001,0,0.001,0.0028,0.004,0.005,0.006,0.008,0.009,0.01,0.0118,0.0128,0.014,0.015
4.21,-0.00279,-0.001,0,0.001,0.00279,0.004,0.005,0.006,0.008,0.009,0.01,0.01179,0.01279,0.014,0.015
4.22,-0.00278,-0.001,0,0.001,0.00278,0.004,0.005,0.006,0.008,0.009,0.01,0.01178,0.01278,0.014,0.015
4.23,-0.00277,-0.001,0,0.001,0.00277,0.004,0.005,0.006,0.008,0.009,0.01,0.01177,0.01277,0.014,0.015
4.24,-0.00276,-0.001,0,0.001,0.00276,0.004,0.005,0.006,0.008,0.009,0.01,0.01176,0.01276,0.014,0.015
4.25,-0.00275,-0.001,0,0.001,0.00275,0.004,0.005,0.006,0.008,0.009,0.01,0.01175,0.01275,0.014,0.015
4.26,-0.00274,-0.001,0,0.001,0.00274,0.004,0.005,0.006,0.008,0.009,0.01,0.01174,0.01274,0.014,0.015
4.27,-0.00273,-0.001,0,0.001,0.00273,0.004,0.005,0.006,0.008,0.009,0.01,0.01173,0.01273,0.014,0.015
4.28,-0.00272,-0.001,0,0.001,0.00272,0.004,0.005,0.006,0.008,0.009,0.01,0.01172,0.01272,0.014,0.015
4.29,-0.00271,-0.001,0,0.001,0.00271,0.004,0.005,0.006,0.008,0.009,0.01,0.01171,0.01271,0.014,0.015
4.3,-0.0027,-0.001,0,0.001,0.0027,0.004,0.005,0.006,0.008,0.009,0.01,0.0117,0.0127,0.014,0.015
4.31,-0.00269,-0.001,0,0.001,0.00269,0.004,0.005,0.006,0.008,0.009,0.01,0.01169,0.01269,0.014,0.015
4.32,-0.00268,-0.001,0,0.001,0.00268,0.004,0.005,0.006,0.008,0.009,0.01,0.01168,0.01268,0.014,0.015
4.33,-0.00267,-0.001,0,0.001,0.00267,0.004,0.005,0.006,0.008,0.009,0.01,0.01167,0.01267,0.014,0.015
4.34,-0.00266,-0.001,0,0.001,0.00266,0.004,0.005,0.006,0.008,0.009,0.01,0.01166,0.01266,0.014,0.015
4.35,-0.00265,-0.001,0,0.001,0.00265,0.004,0.005,0.006,0.008,0.009,0.01,0.01165,0.01265,0.014,0.015
4.36,-0.00264,-0.001,0,0.001,0.00264,0.004,0.005,0.006,0.008,0.009,0.01,0.01164,0.01264,0.014,0.015
4.37,-0.00263,-0.001,0,0.001,0.00263,0.004,0.005,0.006,0.008,0.009,0.01,0.01163,0.01263,0.014,0.015
4.38,-0.00262,-0.001,0,0.001,0.00262,0.004,0.005,0.006,0.008,0.009,0.01,0.01162,0.01262,0.014,0.015
4.39,-0.00261,-0.001,0,0.001,0.00261,0.004,0.005,0.006,0.008,0.009,0.01,0.01161,0.01261,0.014,0.015
4.4,-0.0026,-0.001,0,0.001,0.0026,0.004,0.005,0.006,0.008,0.009,0.01,0.0116,0.0126,0.014,0.015
4.41,-0.00259,-0.001,0,0.001,0.00259,0.004,0.005,0.006,0.008,0.009,0.01,0.01159,0.01259,0.014,0.015
4.42,-0.00258,-0.001,0,0.001,0.00258,0.004,0.005,0.006,0.008,0.009,0.01,0.01158,0.01258,0.014,0.015
4.43,-0.00257,-0.001,0,0.001,0.00257,0.004,0.005,0.006,0.008,0.009,0.01,0.01157,0.01257,0.014,0.015
4.44,-0.00256,-0.001,0,0.001,0.00256,0.004,0.005,0.006,0.008,0.009,0.01,0.01156,0.01256,0.014,0.015
4.45,-0.00255,-0.001,0,0.001,0.00255,0.004,0.005,0.006,0.008,0.009,0.01,0.01155,0.01255,0.014,0.015
4.46,-0.00254,-0.001,0,0.001,0.00254,0.004,0.005,0.006,0.008,0.009,0.01,0.01154,0.01254,0.014,0.015
4.47,-0.00253,-0.001,0,0.001,0.00253,0.004,0.005,0.006,0.008,0.009,0.01,0.01153,0.01253,0.014,0.015
4.48,-0.00252,-0.001,0,0.001,0.00252,0.004,0.005,0.006,0.008,0.009,0.01,0.01152,0.01252,0.014,0.015
4.49,-0.00251,-0.001,0,0.001,0.00251,0.004,0.005,0.006,0.008,0.009,0.01,0.01151,0.01251,0.014,0.015
4.5,-0.0025,-0.001,0,0.001,0.0025,0.004,0.005,0.006,0.008,0.009,0.01,0.0115,0.0125,0.014,0.015
4.51,-0.00249,-0.001,0,0.001,0.00249,0.004,0.005,0.006,0.008,0.009,0.01,0.01149,0.01249,0.014,0.015
4.52,-0.00248,-0.001,0,0.001,0.00248,0.004,0.005,0.006,0.008,0.009,0.01,0.01148,0.01248,0.014,0.015
4.53,-0.00247,-0.001,0,0.001,0.00247,0.004,0.005,0.006,0.008,0.009,0.01,0.01147,0.01247,0.014,0.015
4.54,-0.00246,-0.001,0,0.001,0.00246,0.004,0.005,0.006,0.008,0.009,0.01,0.01146,0.01246,0.014,0.015
4.55,-0.00245,-0.001,0,0.001,0.00245,0.004,0.005,0.006,0.008,0.009,0.01,0.01145,0.01245,0.014,0.015
4.56,-0.00244,-0.001,0,0.001,0.00244,0.004,0.005,0.006,0.008,0.009,0.01,0.01144,0.01244,0.014,0.015
4.57,-0.00243,-0.001,0,0.001,0.00243,0.004,0.005,0.006,0.008,0.009,0.01,0.01143,0.01243,0.014,0.015
4.58,-0.00242,-0.001,0,0.001,0.00242,0.004,0.005,0.006,0.008,0.009,0.01,0.01142,0.01242,0.014,0.015
4.59,-0.00241,-0.001,0,0.001,0.00241,0.004,0.005,0.006,0.008,0.009,0.01,0.01141,0.01241,0.014,0.015
4.6,-0.0024,-0.001,0,0.001,0.0024,0.004,0.005,0.006,0.008,0.009,0.01,0.0114,0.0124,0.014,0.015
4.61,-0.00239,-0.001,0,0.001,0.00239,0.004,0.005,0.006,0.008,0.009,0.01,0.01139,0.01239,0.014,0.015
4.62,-0.00238,-0.001,0,0.001,0.00238,0.004,0.005,0.006,0.008,0.009,0.01,0.01138,0.01238,0.014,0.015
4.63,-0.00237,-0.001,0,0.001,0.00237,0.004,0.005,0.006,0.008,0.009,0.01,0.01137,0.01237,0.014,0.015
4.64,-0.00236,-0.001,0,0.001,0.00236,0.004,0.005,0.006,0.008,0.009,0.01,0.01136,0.01236,0.014,0.015
4.65,-0.00235,-0.001,0,0.001,0.00235,0.004,0.005,0.006,0.008,0.009,0.01,0.01135,0.01235,0.014,0.015
4.66,-0.00234,-0.001,0,0.001,0.00234,0.004,0.005,0.006,0.008,0.009,0.01,0.01134,0.01234,0.014,0.015
4.67,-0.00233,-0.001,0,0.001,0.00233,0.004,0.005,0.006,0.008,0.009,0.01,0.01133,0.01233,0.014,0.015
4.68,-0.00232,-0.001,0,0.001,0.00232,0.004,0.005,0.006,0.008,0.009,0.01,0.01132,0.01232,0.014,0.015
4.69,-0.00231,-0.001,0,0.001,0.00231,0.004,0.005,0.006,0.008,0.009,0.01,0.01131,0.01231,0.014,0.015
4.7,-0.0023,-0.001,0,0.001,0.0023,0.004,0.005,0.006,0.008,0.009,0.01,0.0113,0.0123,0.014,0.015
4.71,-0.00229,-0.001,0,0.001,0.00229,0.004,0.005,0.006,0.008,0.009,0.01,0.01129,0.01229,0.014,0.015
4.72,-0.00228,-0.001,0,0.001,0.00228,0.004,0.005,0.006,0.008,0.009,0.01,0.01128,0.01228,0.014,0.015
4.73,-0.00227,-0.001,0,0.001,0.00227,0.004,0.005,0.006,0.008,0.009,0.01,0.01127,0.01227,0.014,0.015
4.74,-0.00226,-0.001,0,0.001,0.00226,0.004,0.005,0.006,0.008,0.009,0.01,0.01126,0.01226,0.014,0.015
4.75,-0.00225,-0.001,0,0.001,0.00225,0.004,0.005,0.006,0.008,0.009,0.01,0.01125,0.01225,0.014,0.015
4.76,-0.00224,-0.001,0,0.001,0.00224,0.004,0.005,0.006,0.008,0.009,0.01,0.01124,0.01224,0.014,0.015
4.77,-0.00223,-0.001,0,0.001,0.00223,0.004,0.005,0.006,0.008,0.009,0.01,0.01123,0.01223,0.014,0.015
4.78,-0.00222,-0.001,0,0.001,0.00222,0.004,0.005,0.006,0.008,0.009,0.01,0.01122,0.01222,0.014,0.015
4.79,-0.00221,-0.001,0,0.001,0.00221,0.004,0.005,0.006,0.008,0.009,0.01,0.01121,0.01221,0.014,0.015
4.8,-0.0022,-0.001,0,0.001,0.0022,0.004,0.005,0.006,0.008,0.009,0.01,0.0112,0.0122,0.014,0.015
4.81,-0.00219,-0.001,0,0.001,0.00219,0.004,0.005,0.006,0.008,0.009,0.01,0.01119,0.01219,0.014,0.015
4.82,-0.00218,-0.001,0,0.001,0.00218,0.004,0.005,0.006,0.008,0.009,0.01,0.01118,0.01218,0.014,0.015
4.83,-0.00217,-0.001,0,0.001,0.00217,0.004,0.005,0.006,0.008,0.009,0.01,0.01117,0.01217,0.014,0.015
4.84,-0.00216,-0.001,0,0.001,0.00216,0.004,0.005,0.006,0.008,0.009,0.01,0.01116,0.01216,0.014,0.015
4.85,-0.00215,-0.001,0,0.001,0.00215,0.004,0.005,0.006,0.008,0.009,0.01,0.01115,0.01215,0.014,0.015
4.86,-0.00214,-0.001,0,0.001,0.00214,0.004,0.005,0.006,0.008,0.009,0.01,0.01114,0.01214,0.014,0.015
4.87,-0.00213,-0.001,0,0.001,0.00213,0.004,0.005,0.006,0.008,0.009,0.01,0.01113,0.01213,0.014,0.015
4.88,-0.00212,-0.001,0,0.001,0.00212,0.004,0.005,0.006,0.008,0.009,0.01,0.01112,0.01212,0.014,0.015
4.89,-0.00211,-0.001,0,0.001,0.00211,0.004,0.005,0.006,0.008,0.009,0.01,0.01111,0.01211,0.014,0.015
4.9,-0.0021,-0.001,0,0.001,0.0021,0.004,0.005,0.006,0.008,0.009,0.01,0.0111,0.0121,0.014,0.015
4.91,-0.00209,-0.001,0,0.001,0.00209,0.004,0.005,0.006,0.008,0.009,0.01,0.01109,0.01209,0.014,0.015
4.92,-0.00208,-0.001,0,0.001,0.00208,0.004,0.005,0.006,0.008,0.009,0.01,0.01108,0.01208,0.014,0.015
4.93,-0.00207,-0.001,0,0.001,0.00207,0.004,0.005,0.006,0.008,0.009,0.01,0.01107,0.01207,0.014,0.015
4.94,-0.00206,-0.001,0,0.001,0.00206,0.004,0.005,0.006,0.008,0.009,0.01,0.01106,0.01206,0.014,0.015
4.95,-0.00205,-0.001,0,0.001,0.00205,0.004,0.005,0.006,0.008,0.009,0.01,0.01105,0.01205,0.014,0.015
4.96,-0.00204,-0.001,0,0.001,0.00204,0.004,0.005,0.006,0.008,0.009,0.01,0.01104,0.01204,0.014,0.015
4.97,-0.00203,-0.001,0,0.001,0.00203,0.004,0.005,0.006,0.008,0.009,0.01,0.01103,0.01203,0.014,0.015
4.98,-0.00202,-0.001,0,0.001,0.00202,0.004,0.005,0.006,0.008,0.009,0.01,0.01102,0.01202,0.014,0.015
4.99,-0.00201,-0.001,0,0.001,0.00201,0.004,0.005,0.006,0.008,0.009,0.01,0.01101,0.01201,0.014,0.015
5,-0.002,-0.001,0,0.001,0.002,0.004,0.005,0.006,0.008,0.009,0.01,0.011,0.012,0.014,0.015
5.01,-0.002,-0.001,0,0.001,0.002,0.00399,0.005,0.006,0.00799,0.009,0.01,0.011,0.012,0.01399,0.015
5.02,-0.002,-0.001,0,0.001,0.002,0.00398,0.005,0.006,0.00798,0.009,0.01,0.011,0.012,0.01398,0.015
5.03,-0.002,-0.001,0,0.001,0.002,0.00397,0.005,0.006,0.00797,0.009,0.01,0.011,0.012,0.01397,0.015
5.04,-0.002,-0.001,0,0.001,0.002,0.00396,0.005,0.006,0.00796,0.009,0.01,0.011,0.012,0.01396,0.015
5.05,-0.002,-0.001,0,0.001,0.002,0.00395,0.005,0.006,0.00795,0.009,0.01,0.011,0.012,0.01395,0.015
5.06,-0.002,-0.001,0,0.001,0.002,0.00394,0.005,0.006,0.00794,0.009,0.01,0.011,0.012,0.01394,0.015
5.07,-0.002,-0.001,0,0.001,0.002,0.00393,0.005,0.006,0.00793,0.009,0.01,0.011,0.012,0.01393,0.015
5.08,-0.002,-0.001,0,0.001,0.002,0.00392,0.005,0.006,0.00792,0.009,0.01,0.011,0.012,0.01392,0.015
5.09,-0.002,-0.001,0,0.001,0.002,0.00391,0.005,0.006,0.00791,0.009,0.01,0.011,0.012,0.01391,0.015
5.1,-0.002,-0.001,0,0.001,0.002,0.0039,0.005,0.006,0.0079,0.009,0.01,0.011,0.012,0.0139,0.015
5.11,-0.002,-0.001,0,0.001,0.002,0.00389,0.005,0.006,0.00789,0.009,0.01,0.011,0.012,0.01389,0.015
5.12,-0.002,-0.001,0,0.001,0.002,0.00388,0.005,0.006,0.00788,0.009,0.01,0.011,0.012,0.01388,0.015
5.13,-0.002,-0.001,0,0.001,0.002,0.00387,0.005,0.006,0.00787,0.009,0.01,0.011,0.012,0.01387,0.015
5.14,-0.002,-0.001,0,0.001,0.002,0.00386,0.005,0.006,0.00786,0.009,0.01,0.011,0.012,0.01386,0.015
5.15,-0.002,-0.001,0,0.001,0.002,0.00385,0.005,0.006,0.00785,0.009,0.01,0.011,0.012,0.01385,0.015
5.16,-0.002,-0.001,0,0.001,0.002,0.00384,0.005,0.006,0.00784,0.009,0.01,0.011,0.012,0.01384,0.015
5.17,-0.002,-0.001,0,0.001,0.002,0.00383,0.005,0.006,0.00783,0.009,0.01,0.011,0.012,0.01383,0.015
5.18,-0.002,-0.001,0,0.001,0.002,0.00382,0.005,0.006,0.00782,0.009,0.01,0.011,0.012,0.01382,0.015
5.19,-0.002,-0.001,0,0.001,0.002,0.00381,0.005,0.006,0.00781,0.009,0.01,0.011,0.012,0.01381,0.015
5.2,-0.002,-0.001,0,0.001,0.002,0.0038,0.005,0.006,0.0078,0.009,0.01,0.011,0.012,0.0138,0.015
5.21,-0.002,-0.001,0,0.001,0.002,0.00379,0.005,0.006,0.00779,0.009,0.01,0.011,0.012,0.01379,0.015
5.22,-0.002,-0.001,0,0.001,0.002,0.00378,0.005,0.006,0.00778,0.009,0.01,0.011,0.012,0.01378,0.015
5.23,-0.002,-0.001,0,0.001,0.002,0.00377,0.005,0.006,0.00777,0.009,0.01,0.011,0.012,0.01377,0.015
5.24,-0.002,-0.001,0,0.001,0.002,0.00376,0.005,0.006,0.00776,0.009,0.01,0.011,0.012,0.01376,0.015
5.25,-0.002,-0.001,0,0.001,0.002,0.00375,0.005,0.006,0.00775,0.009,0.01,0.011,0.012,0.01375,0.015
5.26,-0.002,-0.001,0,0.001,0.002,0.00374,0.005,0.006,0.00774,0.009,0.01,0.011,0.012,0.01374,0.015
5.27,-0.002,-0.001,0,0.001,0.002,0.00373,0.005,0.006,0.00773,0.009,0.01,0.011,0.012,0.01373,0.015
5.28,-0.002,-0.001,0,0.001,0.002,0.00372,0.005,0.006,0.00772,0.009,0.01,0.011,0.012,0.01372,0.015
5.29,-0.002,-0.001,0,0.001,0.002,0.00371,0.005,0.006,0.00771,0.009,0.01,0.011,0.012,0.01371,0.015
5.3,-0.002,-0.001,0,0.001,0.002,0.0037,0.005,0.006,0.0077,0.009,0.01,0.011,0.012,0.0137,0.015
5.31,-0.002,-0.001,0,0.001,0.002,0.00369,0.005,0.006,0.00769,0.009,0.01,0.011,0.012,0.01369,0.015
5.32,-0.002,-0.001,0,0.001,0.002,0.00368,0.005,0.006,0.00768,0.009,0.01,0.011,0.012,0.01368,0.015
5.33,-0.002,-0.001,0,0.001,0.002,0.00367,0.005,0.006,0.00767,0.009,0.01,0.011,0.012,0.01367,0.015
5.34,-0.002,-0.001,0,0.001,0.002,0.00366,0.005,0.006,0.00766,0.009,0.01,0.011,0.012,0.01366,0.015
5.35,-0.002,-0.001,0,0.001,0.002,0.00365,0.005,0.006,0.00765,0.009,0.01,0.011,0.012,0.01365,0.015
5.36,-0.002,-0.001,0,0.001,0.002,0.00364,0.005,0.006,0.00764,0.009,0.01,0.011,0.012,0.01364,0.015
5.37,-0.002,-0.001,0,0.001,0.002,0.00363,0.005,0.006,0.00763,0.009,0.01,0.011,0.012,0.01363,0.015
5.38,-0.002,-0.001,0,0.001,0.002,0.00362,0.005,0.006,0.00762,0.009,0.01,0.011,0.012,0.01362,0.015
5.39,-0.002,-0.001,0,0.001,0.002,0.00361,0.005,0.006,0.00761,0.009,0.01,0.011,0.012,0.01361,0.015
5.4,-0.002,-0.001,0,0.001,0.002,0.0036,0.005,0.006,0.0076,0.009,0.01,0.011,0.012,0.0136,0.015
5.41,-0.002,-0.001,0,0.001,0.002,0.00359,0.005,0.006,0.00759,0.009,0.01,0.011,0.012,0.01359,0.015
5.42,-0.002,-0.001,0,0.001,0.002,0.00358,0.005,0.006,0.00758,0.009,0.01,0.011,0.012,0.01358,0.015
5.43,-0.002,-0.001,0,0.001,0.002,0.00357,0.005,0.006,0.00757,0.009,0.01,0.011,0.012,0.01357,0.015
5.44,-0.002,-0.001,0,0.001,0.002,0.00356,0.005,0.006,0.00756,0.009,0.01,0.011,0.012,0.01356,0.015
5.45,-0.002,-0.001,0,0.001,0.002,0.00355,0.005,0.006,0.00755,0.009,0.01,0.011,0.012,0.01355,0.015
5.46,-0.002,-0.001,0,0.001,0.002,0.00354,0.005,0.006,0.00754,0.009,0.01,0.011,0.012,0.01354,0.015
5.47,-0.002,-0.001,0,0.001,0.002,0.00353,0.005,0.006,0.00753,0.009,0.01,0.011,0.012,0.01353,0.015
5.48,-0.002,-0.001,0,0.001,0.002,0.00352,0.005,0.006,0.00752,0.009,0.01,0.011,0.012,0.01352,0.015
5.49,-0.002,-0.001,0,0.001,0.002,0.00351,0.005,0.006,0.00751,0.009,0.01,0.011,0.012,0.01351,0.015
5.5,-0.002,-0.001,0,0.001,0.002,0.0035,0.005,0.006,0.0075,0.009,0.01,0.011,0.012,0.0135,0.015
5.51,-0.002,-0.001,0,0.001,0.002,0.00349,0.005,0.006,0.00749,0.009,0.01,0.011,0.012,0.01349,0.015
5.52,-0.002,-0.001,0,0.001,0.002,0.00348,0.005,0.006,0.00748,0.009,0.01,0.011,0.012,0.01348,0.015
5.53,-0.002,-0.001,0,0.001,0.002,0.00347,0.005,0.006,0.00747,0.009,0.01,0.011,0.012,0.01347,0.015
5.54,-0.002,-0.001,0,0.001,0.002,0.00346,0.005,0.006,0.00746,0.009,0.01,0.011,0.012,0.01346,0.015
5.55,-0.002,-0.001,0,0.001,0.002,0.00345,0.005,0.006,0.00745,0.009,0.01,0.011,0.012,0.01345,0.015
5.56,-0.002,-0.001,0,0.001,0.002,0.00344,0.005,0.006,0.00744,0.009,0.01,0.011,0.012,0.01344,0.015
5.57,-0.002,-0.001,0,0.001,0.002,0.00343,0.005,0.006,0.00743,0.009,0.01,0.011,0.012,0.01343,0.015
5.58,-0.002,-0.001,0,0.001,0.002,0.00342,0.005,0.006,0.00742,0.009,0.01,0.011,0.012,0.01342,0.015
5.59,-0.002,-0.001,0,0.001,0.002,0.00341,0.005,0.006,0.00741,0.009,0.01,0.011,0.012,0.01341,0.015
5.6,-0.002,-0.001,0,0.001,0.002,0.0034,0.005,0.006,0.0074,0.009,0.01,0.011,0.012,0.0134,0.015
5.61,-0.002,-0.001,0,0.001,0.002,0.00339,0.005,0.006,0.00739,0.009,0.01,0.011,0.012,0.01339,0.015
5.62,-0.002,-0.001,0,0.001,0.002,0.00338,0.005,0.006,0.00738,0.009,0.01,0.011,0.012,0.01338,0.015
5.63,-0.002,-0.001,0,0.001,0.002,0.00337,0.005,0.006,0.00737,0.009,0.01,0.011,0.012,0.01337,0.015
5.64,-0.002,-0.001,0,0.001,0.002,0.00336,0.005,0.006,0.00736,0.009,0.01,0.011,0.012,0.01336,0.015
5.65,-0.002,-0.001,0,0.001,0.002,0.00335,0.005,0.006,0.00735,0.009,0.01,0.011,0.012,0.01335,0.015
5.66,-0.002,-0.001,0,0.001,0.002,0.00334,0.005,0.006,0.00734,0.009,0.01,0.011,0.012,0.01334,0.015
5.67,-0.002,-0.001,0,0.001,0.002,0.00333,0.005,0.006,0.00733,0.009,0.01,0.011,0.012,0.01333,0.015
5.68,-0.002,-0.001,0,0.001,0.002,0.00332,0.005,0.006,0.00732,0.009,0.01,0.011,0.012,0.01332,0.015
5.69,-0.002,-0.001,0,0.001,0.002,0.00331,0.005,0.006,0.00731,0.009,0.01,0.011,0.012,0.01331,0.015
5.7,-0.002,-0.001,0,0.001,0.002,0.0033,0.005,0.006,0.0073,0.009,0.01,0.011,0.012,0.0133,0.015
5.71,-0.002,-0.001,0,0.001,0.002,0.00329,0.005,0.006,0.00729,0.009,0.01,0.011,0.012,0.01329,0.015
5.72,-0.002,-0.001,0,0.001,0.002,0.00328,0.005,0.006,0.00728,0.009,0.01,0.011,0.012,0.01328,0.015
5.73,-0.002,-0.001,0,0.001,0.002,0.00327,0.005,0.006,0.00727,0.009,0.01,0.011,0.012,0.01327,0.015
5.74,-0.002,-0.001,0,0.001,0.002,0.00326,0.005,0.006,0.00726,0.009,0.01,0.011,0.012,0.01326,0.015
5.75,-0.002,-0.001,0,0.001,0.002,0.00325,0.005,0.006,0.00725,0.009,0.01,0.011,0.012,0.01325,0.015
5.76,-0.002,-0.001,0,0.001,0.002,0.00324,0.005,0.006,0.00724,0.009,0.01,0.011,0.012,0.01324,0.015
5.77,-0.002,-0.001,0,0.001,0.002,0.00323,0.005,0.006,0.00723,0.009,0.01,0.011,0.012,0.01323,0.015
5.78,-0.002,-0.001,0,0.001,0.002,0.00322,0.005,0.006,0.00722,0.009,0.01,0.011,0.012,0.01322,0.015
5.79,-0.002,-0.001,0,0.001,0.002,0.00321,0.005,0.006,0.00721,0.009,0.01,0.011,0.012,0.01321,0.015
5.8,-0.002,-0.001,0,0.001,0.002,0.0032,0.005,0.006,0.0072,0.009,0.01,0.011,0.012,0.0132,0.015
5.81,-0.002,-0.001,0,0.001,0.002,0.00319,0.005,0.006,0.00719,0.009,0.01,0.011,0.012,0.01319,0.015
5.82,-0.002,-0.001,0,0.001,0.002,0.00318,0.005,0.006,0.00718,0.009,0.01,0.011,0.012,0.01318,0.015
5.83,-0.002,-0.001,0,0.001,0.002,0.00317,0.005,0.006,0.00717,0.009,0.01,0.011,0.012,0.01317,0.015
5.84,-0.002,-0.001,0,0.001,0.002,0.00316,0.005,0.006,0.00716,0.009,0.01,0.011,0.012,0.01316,0.015
5.85,-0.002,-0.001,0,0.001,0.002,0.00315,0.005,0.006,0.00715,0.009,0.01,0.011,0.012,0.01315,0.015
5.86,-0.002,-0.001,0,0.001,0.002,0.00314,0.005,0.006,0.00714,0.009,0.01,0.011,0.012,0.01314,0.015
5.87,-0.002,-0.001,0,0.001,0.002,0.00313,0.005,0.006,0.00713,0.009,0.01,0.011,0.012,0.01313,0.015
5.88,-0.002,-0.001,0,0.001,0.002,0.00312,0.005,0.006,0.00712,0.009,0.01,0.011,0.012,0.01312,0.015
5.89,-0.002,-0.001,0,0.001,0.002,0.00311,0.005,0.006,0.00711,0.009,0.01,0.011,0.012,0.01311,0.015
5.9,-0.002,-0.001,0,0.001,0.002,0.0031,0.005,0.006,0.0071,0.009,0.01,0.011,0.012,0.0131,0.015
5.91,-0.002,-0.001,0,0.001,0.002,0.00309,0.005,0.006,0.00709,0.009,0.01,0.011,0.012,0.01309,0.015
5.92,-0.002,-0.001,0,0.001,0.002,0.00308,0.005,0.006,0.00708,0.009,0.01,0.011,0.012,0.01308,0.015
5.93,-0.002,-0.001,0,0.001,0.002,0.00307,0.005,0.006,0.00707,0.009,0.01,0.011,0.012,0.01307,0.015
5.94,-0.002,-0.001,0,0.001,0.002,0.00306,0.005,0.006,0.00706,0.009,0.01,0.011,0.012,0.01306,0.015
5.95,-0.002,-0.001,0,0.001,0.002,0.00305,0.005,0.006,0.00705,0.009,0.01,0.011,0.012,0.01305,0.015
5.96,-0.002,-0.001,0,0.001,0.002,0.00304,0.005,0.006,0.00704,0.009,0.01,0.011,0.012,0.01304,0.015
5.97,-0.002,-0.001,0,0.001,0.002,0.00303,0.005,0.006,0.00703,0.009,0.01,0.011,0.012,0.01303,0.015
5.98,-0.002,-0.001,0,0.001,0.002,0.00302,0.005,0.006,0.00702,0.009,0.01,0.011,0.012,0.01302,0.015
5.99,-0.002,-0.001,0,0.001,0.002,0.00301,0.005,0.006,0.00701,0.009,0.01,0.011,0.012,0.01301,0.015
6,-0.002,-0.001,0,0.001,0.002,0.003,0.005,0.006,0.007,0.009,0.01,0.011,0.012,0.013,0.015
6.01,-0.002,-0.001,0,0.001,0.002,0.003,0.005,0.006,0.007,0.00899,0.00999,0.011,0.012,0.013,0.01499
6.02,-0.002,-0.001,0,0.001,0.002,0.003,0.005,0.006,0.007,0.00898,0.00998,0.011,0.012,0.013,0.01498
6.03,-0.002,-0.001,0,0.001,0.002,0.003,0.005,0.006,0.007,0.00897,0.00997,0.011,0.012,0.013,0.01497
6.04,-0.002,-0.001,0,0.001,0.002,0.003,0.005,0.006,0.007,0.00896,0.00996,0.011,0.012,0.013,0.01496
6.05,-0.002,-0.001,0,0.001,0.002,0.003,0.005,0.006,0.007,0.00895,0.00995,0.011,0.012,0.013,0.01495
6.06,-0.002,-0.001,0,0.001,0.002,0.003,0.005,0.006,0.007,0.00894,0.00994,0.011,0.012,0.013,0.01494
6.07,-0.002,-0.001,0,0.001,0.002,0.003,0.005,0.006,0.007,0.00893,0.00993,0.011,0.012,0.013,0.01493
6.08,-0.002,-0.001,0,0.001,0.002,0.003,0.005,0.006,0.007,0.00892,0.00992,0.011,0.012,0.013,0.01492
6.09,-0.002,-0.001,0,0.001,0.002,0.003,0.005,0.006,0.007,0.00891,0.00991,0.011,0.012,0.013,0.01491
6.1,-0.002,-0.001,0,0.001,0.002,0.003,0.005,0.006,0.007,0.0089,0.0099,0.011,0.012,0.013,0.0149
6.11,-0.002,-0.001,0,0.001,0.002,0.003,0.005,0.006,0.007,0.00889,0.00989,0.011,0.012,0.013,0.01489
6.12,-0.002,-0.001,0,0.001,0.002,0.003,0.005,0.006,0.007,0.00888,0.00988,0.011,0.012,0.013,0.01488
6.13,-0.002,-0.001,0,0.001,0.002,0.003,0.005,0.006,0.007,0.00887,0.00987,0.011,0.012,0.013,0.01487
6.14,-0.002,-0.001,0,0.001,0.002,0.003,0.005,0.006,0.007,0.00886,0.00986,0.011,0.012,0.013,0.01486
6.15,-0.002,-0.001,0,0.001,0.002,0.003,0.005,0.006,0.007,0.00885,0.00985,0.011,0.012,0.013,0.01485
6.16,-0.002,-0.001,0,0.001,0.002,0.003,0.005,0.006,0.007,0.00884,0.00984,0.011,0.012,0.013,0.01484
6.17,-0.002,-0.001,0,0.001,0.002,0.003,0.005,0.006,0.007,0.00883,0.00983,0.011,0.012,0.013,0.01483
6.18,-0.002,-0.001,0,0.001,0.002,0.003,0.005,0.006,0.007,0.00882,0.00982,0.011,0.012,0.013,0.01482
6.19,-0.002,-0.001,0,0.001,0.002,0.003,0.005,0.006,0.007,0.00881,0.00981,0.011,0.012,0.013,0.01481
6.2,-0.002,-0.001,0,0.001,0.002,0.003,0.005,0.006,0.007,0.0088,0.0098,0.011,0.012,0.013,0.0148
6.21,-0.002,-0.001,0,0.001,0.002,0.003,0.005,0.006,0.007,0.00879,0.00979,0.011,0.012,0.013,0.01479
6.22,-0.002,-0.001,0,0.001,0.002,0.003,0.005,0.006,0.007,0.00878,0.00978,0.011,0.012,0.013,0.01478
6.23,-0.002,-0.001,0,0.001,0.002,0.003,0.005,0.006,0.007,0.00877,0.00977,0.011,0.012,0.013,0.01477
6.24,-0.002,-0.001,0,0.001,0.002,0.003,0.005,0.006,0.007,0.00876,0.00976,0.011,0.012,0.013,0.01476
6.25,-0.002,-0.001,0,0.001,0.002,0.003,0.005,0.006,0.007,0.00875,0.00975,0.011,0.012,0.013,0.01475
6.26,-0.002,-0.001,0,0.001,0.002,0.003,0.005,0.006,0.007,0.00874,0.00974,0.011,0.012,0.013,0.01474
6.27,-0.002,-0.001,0,0.001,0.002,0.003,0.005,0.006,0.007,0.00873,0.00973,0.011,0.012,0.013,0.01473
6.28,-0.002,-0.001,0,0.001,0.002,0.003,0.005,0.006,0.007,0.00872,0.00972,0.011,0.012,0.013,0.01472
6.29,-0.002,-0.001,0,0.001,0.002,0.003,0.005,0.006,0.007,0.00871,0.00971,0.011,0.012,0.013,0.01471
6.3,-0.002,-0.001,0,0.001,0.002,0.003,0.005,0.006,0.007,0.0087,0.0097,0.011,0.012,0.013,0.0147
6.31,-0.002,-0.001,0,0.001,0.002,0.003,0.005,0.006,0.007,0.00869,0.00969,0.011,0.012,0.013,0.01469
6.32,-0.002,-0.001,0,0.001,0.002,0.003,0.005,0.006,0.007,0.00868,0.00968,0.011,0.012,0.013,0.01468
6.33,-0.002,-0.001,0,0.001,0.002,0.003,0.005,0.006,0.007,0.00867,0.00967,0.011,0.012,0.013,0.01467
6.34,-0.002,-0.001,0,0.001,0.002,0.003,0.005,0.006,0.007,0.00866,0.00966,0.011,0.012,0.013,0.01466
6.35,-0.002,-0.001,0,0.001,0.002,0.003,0.005,0.006,0.007,0.00865,0.00965,0.011,0.012,0.013,0.01465
6.36,-0.002,-0.001,0,0.001,0.002,0.003,0.005,0.006,0.007,0.00864,0.00964,0.011,0.012,0.013,0.01464
6.37,-0.002,-0.001,0,0.001,0.002,0.003,0.005,0.006,0.007,0.00863,0.00963,0.011,0.012,0.013,0.01463
6.38,-0.002,-0.001,0,0.001,0.002,0.003,0.005,0.006,0.007,0.00862,0.00962,0.011,0.012,0.013,0.01462
6.39,-0.002,-0.001,0,0.001,0.002,0.003,0.005,0.006,0.007,0.00861,0.00961,0.011,0.012,0.013,0.01461
6.4,-0.002,-0.001,0,0.001,0.002,0.003,0.005,0.006,0.007,0.0086,0.0096,0.011,0.012,0.013,0.0146
6.41,-0.002,-0.001,0,0.001,0.002,0.003,0.005,0.006,0.007,0.00859,0.00959,0.011,0.012,0.013,0.01459
6.42,-0.002,-0.001,0,0.001,0.002,0.003,0.005,0.006,0.007,0.00858,0.00958,0.011,0.012,0.013,0.01458
6.43,-0.002,-0.001,0,0.001,0.002,0.003,0.005,0.006,0.007,0.00857,0.00957,0.011,0.012,0.013,0.01457
6.44,-0.002,-0.001,0,0.001,0.002,0.003,0.005,0.006,0.007,0.00856,0.00956,0.011,0.012,0.013,0.01456
6.45,-0.002,-0.001,0,0.001,0.002,0.003,0.005,0.006,0.007,0.00855,0.00955,0.011,0.012,0.013,0.01455
6.46,-0.002,-0.001,0,0.001,0.002,0.003,0.005,0.006,0.007,0.00854,0.00954,0.011,0.012,0.013,0.01454
6.47,-0.002,-0.001,0,0.001,0.002,0.003,0.005,0.006,0.007,0.00853,0.00953,0.011,0.012,0.013,0.01453
6.48,-0.002,-0.001,0,0.001,0.002,0.003,0.005,0.006,0.007,0.00852,0.00952,0.011,0.012,0.013,0.01452
6.49,-0.002,-0.001,0,0.001,0.002,0.003,0.005,0.006,0.007,0.00851,0.00951,0.011,0.012,0.013,0.01451
6.5,-0.002,-0.001,0,0.001,0.002,0.003,0.005,0.006,0.007,0.0085,0.0095,0.011,0.012,0.013,0.0145
6.51,-0.002,-0.001,0,0.001,0.002,0.003,0.005,0.006,0.007,0.00849,0.00949,0.011,0.012,0.013,0.01449
6.52,-0.002,-0.001,0,0.001,0.002,0.003,0.005,0.006,0.007,0.00848,0.00948,0.011,0.012,0.013,0.01448
6.53,-0.002,-0.001,0,0.001,0.002,0.003,0.005,0.006,0.007,0.00847,0.00947,0.011,0.012,0.013,0.01447
6.54,-0.002,-0.001,0,0.001,0.002,0.003,0.005,0.006,0.007,0.00846,0.00946,0.011,0.012,0.013,0.01446
6.55,-0.002,-0.001,0,0.001,0.002,0.003,0.005,0.006,0.007,0.00845,0.00945,0.011,0.012,0.013,0.01445
6.56,-0.002,-0.001,0,0.001,0.002,0.003,0.005,0.006,0.007,0.00844,0.00944,0.011,0.012,0.013,0.01444
6.57,-0.002,-0.001,0,0.001,0.002,0.003,0.005,0.006,0.007,0.00843,0.00943,0.011,0.012,0.013,0.01443
6.58,-0.002,-0.001,0,0.001,0.002,0.003,0.005,0.006,0.007,0.00842,0.00942,0.011,0.012,0.013,0.01442
6.59,-0.002,-0.001,0,0.001,0.002,0.003,0.005,0.006,0.007,0.00841,0.00941,0.011,0.012,0.013,0.01441
6.6,-0.002,-0.001,0,0.001,0.002,0.003,0.005,0.006,0.007,0.0084,0.0094,0.011,0.012,0.013,0.0144
6.61,-0.002,-0.001,0,0.001,0.002,0.003,0.005,0.006,0.007,0.00839,0.00939,0.011,0.012,0.013,0.01439
6.62,-0.002,-0.001,0,0.001,0.002,0.003,0.005,0.006,0.007,0.00838,0.00938,0.011,0.012,0.013,0.01438
6.63,-0.002,-0.001,0,0.001,0.002,0.003,0.005,0.006,0.007,0.00837,0.00937,0.011,0.012,0.013,0.01437
6.64,-0.002,-0.001,0,0.001,0.002,0.003,0.005,0.006,0.007,0.00836,0.00936,0.011,0.012,0.013,0.01436
6.65,-0.002,-0.001,0,0.001,0.002,0.003,0.005,0.006,0.007,0.00835,0.00935,0.011,0.012,0.013,0.01435
6.66,-0.002,-0.001,0,0.001,0.002,0.003,0.005,0.006,0.007,0.00834,0.00934,0.011,0.012,0.013,0.01434
6.67,-0.002,-0.001,0,0.001,0.002,0.003,0.005,0.006,0.007,0.00833,0.00933,0.011,0.012,0.013,0.01433
6.68,-0.002,-0.001,0,0.001,0.002,0.003,0.005,0.006,0.007,0.00832,0.00932,0.011,0.012,0.013,0.01432
6.69,-0.002,-0.001,0,0.001,0.002,0.003,0.005,0.006,0.007,0.00831,0.00931,0.011,0.012,0.013,0.01431
6.7,-0.002,-0.001,0,0.001,0.002,0.003,0.005,0.006,0.007,0.0083,0.0093,0.011,0.012,0.013,0.0143
6.71,-0.002,-0.001,0,0.001,0.002,0.003,0.005,0.006,0.007,0.00829,0.00929,0.011,0.012,0.013,0.01429
6.72,-0.002,-0.001,0,0.001,0.002,0.003,0.005,0.006,0.007,0.00828,0.00928,0.011,0.012,0.013,0.01428
6.73,-0.002,-0.001,0,0.001,0.002,0.003,0.005,0.006,0.007,0.00827,0.00927,0.011,0.012,0.013,0.01427
6.74,-0.002,-0.001,0,0.001,0.002,0.003,0.005,0.006,0.007,0.00826,0.00926,0.011,0.012,0.013,0.01426
6.75,-0.002,-0.001,0,0.001,0.002,0.003,0.005,0.006,0.007,0.00825,0.00925,0.011,0.012,0.013,0.01425
6.76,-0.002,-0.001,0,0.001,0.002,0.003,0.005,0.006,0.007,0.00824,0.00924,0.011,0.012,0.013,0.01424
6.77,-0.002,-0.001,0,0.001,0.002,0.003,0.005,0.006,0.007,0.00823,0.00923,0.011,0.012,0.013,0.01423
6.78,-0.002,-0.001,0,0.001,0.002,0.003,0.005,0.006,0.007,0.00822,0.00922,0.011,0.012,0.013,0.01422
6.79,-0.002,-0.001,0,0.001,0.002,0.003,0.005,0.006,0.007,0.00821,0.00921,0.011,0.012,0.013,0.01421
6.8,-0.002,-0.001,0,0.001,0.002,0.003,0.005,0.006,0.007,0.0082,0.0092,0.011,0.012,0.013,0.0142
6.81,-0.002,-0.001,0,0.001,0.002,0.003,0.005,0.006,0.007,0.00819,0.00919,0.011,0.012,0.013,0.01419
6.82,-0.002,-0.001,0,0.001,0.002,0.003,0.005,0.006,0.007,0.00818,0.00918,0.011,0.012,0.013,0.01418
6.83,-0.002,-0.001,0,0.001,0.002,0.003,0.005,0.006,0.007,0.00817,0.00917,0.011,0.012,0.013,0.01417
6.84,-0.002,-0.001,0,0.001,0.002,0.003,0.005,0.006,0.007,0.00816,0.00916,0.011,0.012,0.013,0.01416
6.85,-0.002,-0.001,0,0.001,0.002,0.003,0.005,0.006,0.007,0.00815,0.00915,0.011,0.012,0.013,0.01415
6.86,-0.002,-0.001,0,0.001,0.002,0.003,0.005,0.006,0.007,0.00814,0.00914,0.011,0.012,0.013,0.01414
6.87,-0.002,-0.001,0,0.001,0.002,0.003,0.005,0.006,0.007,0.00813,0.00913,0.011,0.012,0.013,0.01413
6.88,-0.002,-0.001,0,0.001,0.002,0.003,0.005,0.006,0.007,0.00812,0.00912,0.011,0.012,0.013,0.01412
6.89,-0.002,-0.001,0,0.001,0.002,0.003,0.005,0.006,0.007,0.00811,0.00911,0.011,0.012,0.013,0.01411
6.9,-0.002,-0.001,0,0.001,0.002,0.003,0.005,0.006,0.007,0.0081,0.0091,0.011,0.012,0.013,0.0141
6.91,-0.002,-0.001,0,0.001,0.002,0.003,0.005,0.006,0.007,0.00809,0.00909,0.011,0.012,0.013,0.01409
6.92,-0.002,-0.001,0,0.001,0.002,0.003,0.005,0.006,0.007,0.00808,0.00908,0.011,0.012,0.013,0.01408
6.93,-0.002,-0.001,0,0.001,0.002,0.003,0.005,0.006,0.007,0.00807,0.00907,0.011,0.012,0.013,0.01407
6.94,-0.002,-0.001,0,0.001,0.002,0.003,0.005,0.006,0.007,0.00806,0.00906,0.011,0.012,0.013,0.01406
6.95,-0.002,-0.001,0,0.001,0.002,0.003,0.005,0.006,0.007,0.00805,0.00905,0.011,0.012,0.013,0.01405
6.96,-0.002,-0.001,0,0.001,0.002,0.003,0.005,0.006,0.007,0.00804,0.00904,0.011,0.012,0.013,0.01404
6.97,-0.002,-0.001,0,0.001,0.002,0.003,0.005,0.006,0.007,0.00803,0.00903,0.011,0.012,0.013,0.01403
6.98,-0.002,-0.001,0,0.001,0.002,0.003,0.005,0.006,0.007,0.00802,0.00902,0.011,0.012,0.013,0.01402
6.99,-0.002,-0.001,0,0.001,0.002,0.003,0.005,0.006,0.007,0.00801,0.00901,0.011,0.012,0.013,0.01401
7,-0.002,-0.001,0,0.001,0.002,0.003,0.005,0.006,0.007,0.008,0.009,0.011,0.012,0.013,0.014
7.01,-0.002,-0.001,0,0.001,0.002,0.003,0.005,0.006,0.007,0.008,0.009,0.01099,0.01199,0.01299,0.014
7.02,-0.002,-0.001,0,0.001,0.002,0.003,0.005,0.006,0.007,0.008,0.009,0.01098,0.01198,0.01298,0.014
7.03,-0.002,-0.001,0,0.001,0.002,0.003,0.005,0.006,0.007,0.008,0.009,0.01097,0.01197,0.01297,0.014
7.04,-0.002,-0.001,0,0.001,0.002,0.003,0.005,0.006,0.007,0.008,0.009,0.01096,0.01196,0.01296,0.014
7.05,-0.002,-0.001,0,0.001,0.002,0.003,0.005,0.006,0.007,0.008,0.009,0.01095,0.01195,0.01295,0.014
7.06,-0.002,-0.001,0,0.001,0.002,0.003,0.005,0.006,0.007,0.008,0.009,0.01094,0.01194,0.01294,0.014
7.07,-0.002,-0.001,0,0.001,0.002,0.003,0.005,0.006,0.007,0.008,0.009,0.01093,0.01193,0.01293,0.014
7.08,-0.002,-0.001,0,0.001,0.002,0.003,0.005,0.006,0.007,0.008,0.009,0.01092,0.01192,0.01292,0.014
7.09,-0.002,-0.001,0,0.001,0.002,0.003,0.005,0.006,0.007,0.008,0.009,0.01091,0.01191,0.01291,0.014
7.1,-0.002,-0.001,0,0.001,0.002,0.003,0.005,0.006,0.007,0.008,0.009,0.0109,0.0119,0.0129,0.014
7.11,-0.002,-0.001,0,0.001,0.002,0.003,0.005,0.006,0.007,0.008,0.009,0.01089,0.01189,0.01289,0.014
7.12,-0.002,-0.001,0,0.001,0.002,0.003,0.005,0.006,0.007,0.008,0.009,0.01088,0.01188,0.01288,0.014
7.13,-0.002,-0.001,0,0.001,0.002,0.003,0.005,0.006,0.007,0.008,0.009,0.01087,0.01187,0.01287,0.014
7.14,-0.002,-0.001,0,0.001,0.002,0.003,0.005,0.006,0.007,0.008,0.009,0.01086,0.01186,0.01286,0.014
7.15,-0.002,-0.001,0,0.001,0.002,0.003,0.005,0.006,0.007,0.008,0.009,0.01085,0.01185,0.01285,0.014
7.16,-0.002,-0.001,0,0.001,0.002,0.003,0.005,0.006,0.007,0.008,0.009,0.01084,0.01184,0.01284,0.014
7.17,-0.002,-0.001,0,0.001,0.002,0.003,0.005,0.006,0.007,0.008,0.009,0.01083,0.01183,0.01283,0.014
7.18,-0.002,-0.001,0,0.001,0.002,0.003,0.005,0.006,0.007,0.008,0.009,0.01082,0.01182,0.01282,0.014
7.19,-0.002,-0.001,0,0.001,0.002,0.003,0.005,0.006,0.007,0.008,0.009,0.01081,0.01181,0.01281,0.014
7.2,-0.002,-0.001,0,0.001,0.002,0.003,0.005,0.006,0.007,0.008,0.009,0.0108,0.0118,0.0128,0.014
7.21,-0.002,-0.001,0,0.001,0.002,0.003,0.005,0.006,0.007,0.008,0.009,0.01079,0.01179,0.01279,0.014
7.22,-0.002,-0.001,0,0.001,0.002,0.003,0.005,0.006,0.007,0.008,0.009,0.01078,0.01178,0.01278,0.014
7.23,-0.002,-0.001,0,0.001,0.002,0.003,0.005,0.006,0.007,0.008,0.009,0.01077,0.01177,0.01277,0.014
7.24,-0.002,-0.001,0,0.001,0.002,0.003,0.005,0.006,0.007,0.008,0.009,0.01076,0.01176,0.01276,0.014
7.25,-0.002,-0.001,0,0.001,0.002,0.003,0.005,0.006,0.007,0.008,0.009,0.01075,0.01175,0.01275,0.014
7.26,-0.002,-0.001,0,0.001,0.002,0.003,0.005,0.006,0.007,0.008,0.009,0.01074,0.01174,0.01274,0.014
7.27,-0.002,-0.001,0,0.001,0.002,0.003,0.005,0.006,0.007,0.008,0.009,0.01073,0.01173,0.01273,0.014
7.28,-0.002,-0.001,0,0.001,0.002,0.003,0.005,0.006,0.007,0.008,0.009,0.01072,0.01172,0.01272,0.014
7.29,-0.002,-0.001,0,0.001,0.002,0.003,0.005,0.006,0.007,0.008,0.009,0.01071,0.01171,0.01271,0.014
7.3,-0.002,-0.001,0,0.001,0.002,0.003,0.005,0.006,0.007,0.008,0.009,0.0107,0.0117,0.0127,0.014
7.31,-0.002,-0.001,0,0.001,0.002,0.003,0.005,0.006,0.007,0.008,0.009,0.01069,0.01169,0.01269,0.014
7.32,-0.002,-0.001,0,0.001,0.002,0.003,0.005,0.006,0.007,0.008,0.009,0.01068,0.01168,0.01268,0.014
7.33,-0.002,-0.001,0,0.001,0.002,0.003,0.005,0.006,0.007,0.008,0.009,0.01067,0.01167,0.01267,0.014
7.34,-0.002,-0.001,0,0.001,0.002,0.003,0.005,0.006,0.007,0.008,0.009,0.01066,0.01166,0.01266,0.014
7.35,-0.002,-0.001,0,0.001,0.002,0.003,0.005,0.006,0.007,0.008,0.009,0.01065,0.01165,0.01265,0.014
7.36,-0.002,-0.001,0,0.001,0.002,0.003,0.005,0.006,0.007,0.008,0.009,0.01064,0.01164,0.01264,0.014
7.37,-0.002,-0.001,0,0.001,0.002,0.003,0.005,0.006,0.007,0.008,0.009,0.01063,0.01163,0.01263,0.014
7.38,-0.002,-0.001,0,0.001,0.002,0.003,0.005,0.006,0.007,0.008,0.009,0.01062,0.01162,0.01262,0.014
7.39,-0.002,-0.001,0,0.001,0.002,0.003,0.005,0.006,0.007,0.008,0.009,0.01061,0.01161,0.01261,0.014
7.4,-0.002,-0.001,0,0.001,0.002,0.003,0.005,0.006,0.007,0.008,0.009,0.0106,0.0116,0.0126,0.014
7.41,-0.002,-0.001,0,0.001,0.002,0.003,0.005,0.006,0.007,0.008,0.009,0.01059,0.01159,0.01259,0.014
7.42,-0.002,-0.001,0,0.001,0.002,0.003,0.005,0.006,0.007,0.008,0.009,0.01058,0.01158,0.01258,0.014
7.43,-0.002,-0.001,0,0.001,0.002,0.003,0.005,0.006,0.007,0.008,0.009,0.01057,0.01157,0.01257,0.014
7.44,-0.002,-0.001,0,0.001,0.002,0.003,0.005,0.006,0.007,0.008,0.009,0.01056,0.01156,0.01256,0.014
7.45,-0.002,-0.001,0,0.001,0.002,0.003,0.005,0.006,0.007,0.008,0.009,0.01055,0.01155,0.01255,0.014
7.46,-0.002,-0.001,0,0.001,0.002,0.003,0.005,0.006,0.007,0.008,0.009,0.01054,0.01154,0.01254,0.014
7.47,-0.002,-0.001,0,0.001,0.002,0.003,0.005,0.006,0.007,0.008,0.009,0.01053,0.01153,0.01253,0.014
7.48,-0.002,-0.001,0,0.001,0.002,0.003,0.005,0.006,0.007,0.008,0.009,0.01052,0.01152,0.01252,0.014
7.49,-0.002,-0.001,0,0.001,0.002,0.003,0.005,0.006,0.007,0.008,0.009,0.01051,0.01151,0.01251,0.014
7.5,-0.002,-0.001,0,0.001,0.002,0.003,0.005,0.006,0.007,0.008,0.009,0.0105,0.0115,0.0125,0.014
7.51,-0.002,-0.001,0,0.001,0.002,0.003,0.005,0.006,0.007,0.008,0.009,0.01049,0.01149,0.01249,0.014
7.52,-0.002,-0.001,0,0.001,0.002,0.003,0.005,0.006,0.007,0.008,0.009,0.01048,0.01148,0.01248,0.014
7.53,-0.002,-0.001,0,0.001,0.002,0.003,0.005,0.006,0.007,0.008,0.009,0.01047,0.01147,0.01247,0.014
7.54,-0.002,-0.001,0,0.001,0.002,0.003,0.005,0.006,0.007,0.008,0.009,0.01046,0.01146,0.01246,0.014
7.55,-0.002,-0.001,0,0.001,0.002,0.003,0.005,0.006,0.007,0.008,0.009,0.01045,0.01145,0.01245,0.014
7.56,-0.002,-0.001,0,0.001,0.002,0.003,0.005,0.006,0.007,0.008,0.009,0.01044,0.01144,0.01244,0.014
7.57,-0.002,-0.001,0,0.001,0.002,0.003,0.005,0.006,0.007,0.008,0.009,0.01043,0.01143,0.01243,0.014
7.58,-0.002,-0.001,0,0.001,0.002,0.003,0.005,0.006,0.007,0.008,0.009,0.01042,0.01142,0.01242,0.014
7.59,-0.002,-0.001,0,0.001,0.002,0.003,0.005,0.006,0.007,0.008,0.009,0.01041,0.01141,0.01241,0.014
7.6,-0.002,-0.001,0,0.001,0.002,0.003,0.005,0.006,0.007,0.008,0.009,0.0104,0.0114,0.0124,0.014
7.61,-0.002,-0.001,0,0.001,0.002,0.003,0.005,0.006,0.007,0.008,0.009,0.01039,0.01139,0.01239,0.014
7.62,-0.002,-0.001,0,0.001,0.002,0.003,0.005,0.006,0.007,0.008,0.009,0.01038,0.01138,0.01238,0.014
7.63,-0.002,-0.001,0,0.001,0.002,0.003,0.005,0.006,0.007,0.008,0.009,0.01037,0.01137,0.01237,0.014
7.64,-0.002,-0.001,0,0.001,0.002,0.003,0.005,0.006,0.007,0.008,0.009,0.01036,0.01136,0.01236,0.014
7.65,-0.002,-0.001,0,0.001,0.002,0.003,0.005,0.006,0.007,0.008,0.009,0.01035,0.01135,0.01235,0.014
7.66,-0.002,-0.001,0,0.001,0.002,0.003,0.005,0.006,0.007,0.008,0.009,0.01034,0.01134,0.01234,0.014
7.67,-0.002,-0.001,0,0.001,0.002,0.003,0.005,0.006,0.007,0.008,0.009,0.01033,0.01133,0.01233,0.014
7.68,-0.002,-0.001,0,0.001,0.002,0.003,0.005,0.006,0.007,0.008,0.009,0.01032,0.01132,0.01232,0.014
7.69,-0.002,-0.001,0,0.001,0.002,0.003,0.005,0.006,0.007,0.008,0.009,0.01031,0.01131,0.01231,0.014
7.7,-0.002,-0.001,0,0.001,0.002,0.003,0.005,0.006,0.007,0.008,0.009,0.0103,0.0113,0.0123,0.014
7.71,-0.002,-0.001,0,0.001,0.002,0.003,0.005,0.006,0.007,0.008,0.009,0.01029,0.01129,0.01229,0.014
7.72,-0.002,-0.001,0,0.001,0.002,0.003,0.005,0.006,0.007,0.008,0.009,0.01028,0.01128,0.01228,0.014
7.73,-0.002,-0.001,0,0.001,0.002,0.003,0.005,0.006,0.007,0.008,0.009,0.01027,0.01127,0.01227,0.014
7.74,-0.002,-0.001,0,0.001,0.002,0.003,0.005,0.006,0.007,0.008,0.009,0.01026,0.01126,0.01226,0.014
7.75,-0.002,-0.001,0,0.001,0.002,0.003,0.005,0.006,0.007,0.008,0.009,0.01025,0.01125,0.01225,0.014
7.76,-0.002,-0.001,0,0.001,0.002,0.003,0.005,0.006,0.007,0.008,0.009,0.01024,0.01124,0.01224,0.014
7.77,-0.002,-0.001,0,0.001,0.002,0.003,0.005,0.006,0.007,0.008,0.009,0.01023,0.01123,0.01223,0.014
7.78,-0.002,-0.001,0,0.001,0.002,0.003,0.005,0.006,0.007,0.008,0.009,0.01022,0.01122,0.01222,0.014
7.79,-0.002,-0.001,0,0.001,0.002,0.003,0.005,0.006,0.007,0.008,0.009,0.01021,0.01121,0.01221,0.014
7.8,-0.002,-0.001,0,0.001,0.002,0.003,0.005,0.006,0.007,0.008,0.009,0.0102,0.0112,0.0122,0.014
7.81,-0.002,-0.001,0,0.001,0.002,0.003,0.005,0.006,0.007,0.008,0.009,0.01019,0.01119,0.01219,0.014
7.82,-0.002,-0.001,0,0.001,0.002,0.003,0.005,0.006,0.007,0.008,0.009,0.01018,0.01118,0.01218,0.014
7.83,-0.002,-0.001,0,0.001,0.002,0.003,0.005,0.006,0.007,0.008,0.009,0.01017,0.01117,0.01217,0.014
7.84,-0.002,-0.001,0,0.001,0.002,0.003,0.005,0.006,0.007,0.008,0.009,0.01016,0.01116,0.01216,0.014
7.85,-0.002,-0.001,0,0.001,0.002,0.003,0.005,0.006,0.007,0.008,0.009,0.01015,0.01115,0.01215,0.014
7.86,-0.002,-0.001,0,0.001,0.002,0.003,0.005,0.006,0.007,0.008,0.009,0.01014,0.01114,0.01214,0.014
7.87,-0.002,-0.001,0,0.001,0.002,0.003,0.005,0.006,0.007,0.008,0.009,0.01013,0.01113,0.01213,0.014
7.88,-0.002,-0.001,0,0.001,0.002,0.003,0.005,0.006,0.007,0.008,0.009,0.01012,0.01112,0.01212,0.014
7.89,-0.002,-0.001,0,0.001,0.002,0.003,0.005,0.006,0.007,0.008,0.009,0.01011,0.01111,0.01211,0.014
7.9,-0.002,-0.001,0,0.001,0.002,0.003,0.005,0.006,0.007,0.008,0.009,0.0101,0.0111,0.0121,0.014
7.91,-0.002,-0.001,0,0.001,0.002,0.003,0.005,0.006,0.007,0.008,0.009,0.01009,0.01109,0.01209,0.014
7.92,-0.002,-0.001,0,0.001,0.002,0.003,0.005,0.006,0.007,0.008,0.009,0.01008,0.01108,0.01208,0.014
7.93,-0.002,-0.001,0,0.001,0.002,0.003,0.005,0.006,0.007,0.008,0.009,0.01007,0.01107,0.01207,0.014
7.94,-0.002,-0.001,0,0.001,0.002,0.003,0.005,0.006,0.007,0.008,0.009,0.01006,0.01106,0.01206,0.014
7.95,-0.002,-0.001,0,0.001,0.002,0.003,0.005,0.006,0.007,0.008,0.009,0.01005,0.01105,0.01205,0.014
7.96,-0.002,-0.001,0,0.001,0.002,0.003,0.005,0.006,0.007,0.008,0.009,0.01004,0.01104,0.01204,0.014
7.97,-0.002,-0.001,0,0.001,0.002,0.003,0.005,0.006,0.007,0.008,0.009,0.01003,0.01103,0.01203,0.014
7.98,-0.002,-0.001,0,0.001,0.002,0.003,0.005,0.006,0.007,0.008,0.009,0.01002,0.01102,0.01202,0.014
7.99,-0.002,-0.001,0,0.001,0.002,0.003,0.005,0.006,0.007,0.008,0.009,0.01001,0.01101,0.01201,0.014
8,-0.002,-0.001,0,0.001,0.002,0.003,0.005,0.006,0.007,0.008,0.009,0.01,0.011,0.012,0.014
8.01,-0.002,-0.001,0,0.001,0.002,0.003,0.00499,0.006,0.007,0.008,0.009,0.01,0.011,0.012,0.01399
8.02,-0.002,-0.001,0,0.001,0.002,0.003,0.00498,0.006,0.007,0.008,0.009,0.01,0.011,0.012,0.01398
8.03,-0.002,-0.001,0,0.001,0.002,0.003,0.00497,0.006,0.007,0.008,0.009,0.01,0.011,0.012,0.01397
8.04,-0.002,-0.001,0,0.001,0.002,0.003,0.00496,0.006,0.007,0.008,0.009,0.01,0.011,0.012,0.01396
8.05,-0.002,-0.001,0,0.001,0.002,0.003,0.00495,0.006,0.007,0.008,0.009,0.01,0.011,0.012,0.01395
8.06,-0.002,-0.001,0,0.001,0.002,0.003,0.00494,0.006,0.007,0.008,0.009,0.01,0.011,0.012,0.01394
8.07,-0.002,-0.001,0,0.001,0.002,0.003,0.00493,0.006,0.007,0.008,0.009,0.01,0.011,0.012,0.01393
8.08,-0.002,-0.001,0,0.001,0.002,0.003,0.00492,0.006,0.007,0.008,0.009,0.01,0.011,0.012,0.01392
8.09,-0.002,-0.001,0,0.001,0.002,0.003,0.00491,0.006,0.007,0.008,0.009,0.01,0.011,0.012,0.01391
8.1,-0.002,-0.001,0,0.001,0.002,0.003,0.0049,0.006,0.007,0.008,0.009,0.01,0.011,0.012,0.0139
8.11,-0.002,-0.001,0,0.001,0.002,0.003,0.00489,0.006,0.007,0.008,0.009,0.01,0.011,0.012,0.01389
8.12,-0.002,-0.001,0,0.001,0.002,0.003,0.00488,0.006,0.007,0.008,0.009,0.01,0.011,0.012,0.01388
8.13,-0.002,-0.001,0,0.001,0.002,0.003,0.00487,0.006,0.007,0.008,0.009,0.01,0.011,0.012,0.01387
8.14,-0.002,-0.001,0,0.001,0.002,0.003,0.00486,0.006,0.007,0.008,0.009,0.01,0.011,0.012,0.01386
8.15,-0.002,-0.001,0,0.001,0.002,0.003,0.00485,0.006,0.007,0.008,0.009,0.01,0.011,0.012,0.01385
8.16,-0.002,-0.001,0,0.001,0.002,0.003,0.00484,0.006,0.007,0.008,0.009,0.01,0.011,0.012,0.01384
8.17,-0.002,-0.001,0,0.001,0.002,0.003,0.00483,0.006,0.007,0.008,0.009,0.01,0.011,0.012,0.01383
8.18,-0.002,-0.001,0,0.001,0.002,0.003,0.00482,0.006,0.007,0.008,0.009,0.01,0.011,0.012,0.01382
8.19,-0.002,-0.001,0,0.001,0.002,0.003,0.00481,0.006,0.007,0.008,0.009,0.01,0.011,0.012,0.01381
8.2,-0.002,-0.001,0,0.001,0.002,0.003,0.0048,0.006,0.007,0.008,0.009,0.01,0.011,0.012,0.0138
8.21,-0.002,-0.001,0,0.001,0.002,0.003,0.00479,0.006,0.007,0.008,0.009,0.01,0.011,0.012,0.01379
8.22,-0.002,-0.001,0,0.001,0.002,0.003,0.00478,0.006,0.007,0.008,0.009,0.01,0.011,0.012,0.01378
8.23,-0.002,-0.001,0,0.001,0.002,0.003,0.00477,0.006,0.007,0.008,0.009,0.01,0.011,0.012,0.01377
8.24,-0.002,-0.001,0,0.001,0.002,0.003,0.00476,0.006,0.007,0.008,0.009,0.01,0.011,0.012,0.01376
8.25,-0.002,-0.001,0,0.001,0.002,0.003,0.00475,0.006,0.007,0.008,0.009,0.01,0.011,0.012,0.01375
8.26,-0.002,-0.001,0,0.001,0.002,0.003,0.00474,0.006,0.007,0.008,0.009,0.01,0.011,0.012,0.01374
8.27,-0.002,-0.001,0,0.001,0.002,0.003,0.00473,0.006,0.007,0.008,0.009,0.01,0.011,0.012,0.01373
8.28,-0.002,-0.001,0,0.001,0.002,0.003,0.00472,0.006,0.007,0.008,0.009,0.01,0.011,0.012,0.01372
8.29,-0.002,-0.001,0,0.001,0.002,0.003,0.00471,0.006,0.007,0.008,0.009,0.01,0.011,0.012,0.01371
8.3,-0.002,-0.001,0,0.001,0.002,0.003,0.0047,0.006,0.007,0.008,0.009,0.01,0.011,0.012,0.0137
8.31,-0.002,-0.001,0,0.001,0.002,0.003,0.00469,0.006,0.007,0.008,0.009,0.01,0.011,0.012,0.01369
8.32,-0.002,-0.001,0,0.001,0.002,0.003,0.00468,0.006,0.007,0.008,0.009,0.01,0.011,0.012,0.01368
8.33,-0.002,-0.001,0,0.001,0.002,0.003,0.00467,0.006,0.007,0.008,0.009,0.01,0.011,0.012,0.01367
8.34,-0.002,-0.001,0,0.001,0.002,0.003,0.00466,0.006,0.007,0.008,0.009,0.01,0.011,0.012,0.01366
8.35,-0.002,-0.001,0,0.001,0.002,0.003,0.00465,0.006,0.007,0.008,0.009,0.01,0.011,0.012,0.01365
8.36,-0.002,-0.001,0,0.001,0.002,0.003,0.00464,0.006,0.007,0.008,0.009,0.01,0.011,0.012,0.01364
8.37,-0.002,-0.001,0,0.001,0.002,0.003,0.00463,0.006,0.007,0.008,0.009,0.01,0.011,0.012,0.01363
8.38,-0.002,-0.001,0,0.001,0.002,0.003,0.00462,0.006,0.007,0.008,0.009,0.01,0.011,0.012,0.01362
8.39,-0.002,-0.001,0,0.001,0.002,0.003,0.00461,0.006,0.007,0.008,0.009,0.01,0.011,0.012,0.01361
8.4,-0.002,-0.001,0,0.001,0.002,0.003,0.0046,0.006,0.007,0.008,0.009,0.01,0.011,0.012,0.0136
8.41,-0.002,-0.001,0,0.001,0.002,0.003,0.00459,0.006,0.007,0.008,0.009,0.01,0.011,0.012,0.01359
8.42,-0.002,-0.001,0,0.001,0.002,0.003,0.00458,0.006,0.007,0.008,0.009,0.01,0.011,0.012,0.01358
8.43,-0.002,-0.001,0,0.001,0.002,0.003,0.00457,0.006,0.007,0.008,0.009,0.01,0.011,0.012,0.01357
8.44,-0.002,-0.001,0,0.001,0.002,0.003,0.00456,0.006,0.007,0.008,0.009,0.01,0.011,0.012,0.01356
8.45,-0.002,-0.001,0,0.001,0.002,0.003,0.00455,0.006,0.007,0.008,0.009,0.01,0.011,0.012,0.01355
8.46,-0.002,-0.001,0,0.001,0.002,0.003,0.00454,0.006,0.007,0.008,0.009,0.01,0.011,0.012,0.01354
8.47,-0.002,-0.001,0,0.001,0.002,0.003,0.00453,0.006,0.007,0.008,0.009,0.01,0.011,0.012,0.01353
8.48,-0.002,-0.001,0,0.001,0.002,0.003,0.00452,0.006,0.007,0.008,0.009,0.01,0.011,0.012,0.01352
8.49,-0.002,-0.001,0,0.001,0.002,0.003,0.00451,0.006,0.007,0.008,0.009,0.01,0.011,0.012,0.01351
8.5,-0.002,-0.001,0,0.001,0.002,0.003,0.0045,0.006,0.007,0.008,0.009,0.01,0.011,0.012,0.0135
8.51,-0.002,-0.001,0,0.001,0.002,0.003,0.00449,0.006,0.007,0.008,0.009,0.01,0.011,0.012,0.01349
8.52,-0.002,-0.001,0,0.001,0.002,0.003,0.00448,0.006,0.007,0.008,0.009,0.01,0.011,0.012,0.01348
8.53,-0.002,-0.001,0,0.001,0.002,0.003,0.00447,0.006,0.007,0.008,0.009,0.01,0.011,0.012,0.01347
8.54,-0.002,-0.001,0,0.001,0.002,0.003,0.00446,0.006,0.007,0.008,0.009,0.01,0.011,0.012,0.01346
8.55,-0.002,-0.001,0,0.001,0.002,0.003,0.00445,0.006,0.007,0.008,0.009,0.01,0.011,0.012,0.01345
8.56,-0.002,-0.001,0,0.001,0.002,0.003,0.00444,0.006,0.007,0.008,0.009,0.01,0.011,0.012,0.01344
8.57,-0.002,-0.001,0,0.001,0.002,0.003,0.00443,0.006,0.007,0.008,0.009,0.01,0.011,0.012,0.01343
8.58,-0.002,-0.001,0,0.001,0.002,0.003,0.00442,0.006,0.007,0.008,0.009,0.01,0.011,0.012,0.01342
8.59,-0.002,-0.001,0,0.001,0.002,0.003,0.00441,0.006,0.007,0.008,0.009,0.01,0.011,0.012,0.01341
8.6,-0.002,-0.001,0,0.001,0.002,0.003,0.0044,0.006,0.007,0.008,0.009,0.01,0.011,0.012,0.0134
8.61,-0.002,-0.001,0,0.001,0.002,0.003,0.00439,0.006,0.007,0.008,0.009,0.01,0.011,0.012,0.01339
8.62,-0.002,-0.001,0,0.001,0.002,0.003,0.00438,0.006,0.007,0.008,0.009,0.01,0.011,0.012,0.01338
8.63,-0.002,-0.001,0,0.001,0.002,0.003,0.00437,0.006,0.007,0.008,0.009,0.01,0.011,0.012,0.01337
8.64,-0.002,-0.001,0,0.001,0.002,0.003,0.00436,0.006,0.007,0.008,0.009,0.01,0.011,0.012,0.01336
8.65,-0.002,-0.001,0,0.001,0.002,0.003,0.00435,0.006,0.007,0.008,0.009,0.01,0.011,0.012,0.01335
8.66,-0.002,-0.001,0,0.001,0.002,0.003,0.00434,0.006,0.007,0.008,0.009,0.01,0.011,0.012,0.01334
8.67,-0.002,-0.001,0,0.001,0.002,0.003,0.00433,0.006,0.007,0.008,0.009,0.01,0.011,0.012,0.01333
8.68,-0.002,-0.001,0,0.001,0.002,0.003,0.00432,0.006,0.007,0.008,0.009,0.01,0.011,0.012,0.01332
8.69,-0.002,-0.001,0,0.001,0.002,0.003,0.00431,0.006,0.007,0.008,0.009,0.01,0.011,0.012,0.01331
8.7,-0.002,-0.001,0,0.001,0.002,0.003,0.0043,0.006,0.007,0.008,0.009,0.01,0.011,0.012,0.0133
8.71,-0.002,-0.001,0,0.001,0.002,0.003,0.00429,0.006,0.007,0.008,0.009,0.01,0.011,0.012,0.01329
8.72,-0.002,-0.001,0,0.001,0.002,0.003,0.00428,0.006,0.007,0.008,0.009,0.01,0.011,0.012,0.01328
8.73,-0.002,-0.001,0,0.001,0.002,0.003,0.00427,0.006,0.007,0.008,0.009,0.01,0.011,0.012,0.01327
8.74,-0.002,-0.001,0,0.001,0.002,0.003,0.00426,0.006,0.007,0.008,0.009,0.01,0.011,0.012,0.01326
8.75,-0.002,-0.001,0,0.001,0.002,0.003,0.00425,0.006,0.007,0.008,0.009,0.01,0.011,0.012,0.01325
8.76,-0.002,-0.001,0,0.001,0.002,0.003,0.00424,0.006,0.007,0.008,0.009,0.01,0.011,0.012,0.01324
8.77,-0.002,-0.001,0,0.001,0.002,0.003,0.00423,0.006,0.007,0.008,0.009,0.01,0.011,0.012,0.01323
8.78,-0.002,-0.001,0,0.001,0.002,0.003,0.00422,0.006,0.007,0.008,0.009,0.01,0.011,0.012,0.01322
8.79,-0.002,-0.001,0,0.001,0.002,0.003,0.00421,0.006,0.007,0.008,0.009,0.01,0.011,0.012,0.01321
8.8,-0.002,-0.001,0,0.001,0.002,0.003,0.0042,0.006,0.007,0.008,0.009,0.01,0.011,0.012,0.0132
8.81,-0.002,-0.001,0,0.001,0.002,0.003,0.00419,0.006,0.007,0.008,0.009,0.01,0.011,0.012,0.01319
8.82,-0.002,-0.001,0,0.001,0.002,0.003,0.00418,0.006,0.007,0.008,0.009,0.01,0.011,0.012,0.01318
8.83,-0.002,-0.001,0,0.001,0.002,0.003,0.00417,0.006,0.007,0.008,0.009,0.01,0.011,0.012,0.01317
8.84,-0.002,-0.001,0,0.001,0.002,0.003,0.00416,0.006,0.007,0.008,0.009,0.01,0.011,0.012,0.01316
8.85,-0.002,-0.001,0,0.001,0.002,0.003,0.00415,0.006,0.007,0.008,0.009,0.01,0.011,0.012,0.01315
8.86,-0.002,-0.001,0,0.001,0.002,0.003,0.00414,0.006,0.007,0.008,0.009,0.01,0.011,0.012,0.01314
8.87,-0.002,-0.001,0,0.001,0.002,0.003,0.00413,0.006,0.007,0.008,0.009,0.01,0.011,0.012,0.01313
8.88,-0.002,-0.001,0,0.001,0.002,0.003,0.00412,0.006,0.007,0.008,0.009,0.01,0.011,0.012,0.01312
8.89,-0.002,-0.001,0,0.001,0.002,0.003,0.00411,0.006,0.007,0.008,0.009,0.01,0.011,0.012,0.01311
8.9,-0.002,-0.001,0,0.001,0.002,0.003,0.0041,0.006,0.007,0.008,0.009,0.01,0.011,0.012,0.0131
8.91,-0.002,-0.001,0,0.001,0.002,0.003,0.00409,0.006,0.007,0.008,0.009,0.01,0.011,0.012,0.01309
8.92,-0.002,-0.001,0,0.001,0.002,0.003,0.00408,0.006,0.007,0.008,0.009,0.01,0.011,0.012,0.01308
8.93,-0.002,-0.001,0,0.001,0.002,0.003,0.00407,0.006,0.007,0.008,0.009,0.01,0.011,0.012,0.01307
8.94,-0.002,-0.001,0,0.001,0.002,0.003,0.00406,0.006,0.007,0.008,0.009,0.01,0.011,0.012,0.01306
8.95,-0.002,-0.001,0,0.001,0.002,0.003,0.00405,0.006,0.007,0.008,0.009,0.01,0.011,0.012,0.01305
8.96,-0.002,-0.001,0,0.001,0.002,0.003,0.00404,0.006,0.007,0.008,0.009,0.01,0.011,0.012,0.01304
8.97,-0.002,-0.001,0,0.001,0.002,0.003,0.00403,0.006,0.007,0.008,0.009,0.01,0.011,0.012,0.01303
8.98,-0.002,-0.001,0,0.001,0.002,0.003,0.00402,0.006,0.007,0.008,0.009,0.01,0.011,0.012,0.01302
8.99,-0.002,-0.001,0,0.001,0.002,0.003,0.00401,0.006,0.007,0.008,0.009,0.01,0.011,0.012,0.01301
9,-0.002,-0.001,0,0.001,0.002,0.003,0.004,0.006,0.007,0.008,0.009,0.01,0.011,0.012,0.013
9.01,-0.002,-0.001,0,0.001,0.002,0.003,0.004,0.006,0.007,0.008,0.009,0.01,0.011,0.012,0.013
9.02,-0.002,-0.001,0,0.001,0.002,0.003,0.004,0.006,0.007,0.008,0.009,0.01,0.011,0.012,0.013
9.03,-0.002,-0.001,0,0.001,0.002,0.003,0.004,0.006,0.007,0.008,0.009,0.01,0.011,0.012,0.013
9.04,-0.002,-0.001,0,0.001,0.002,0.003,0.004,0.006,0.007,0.008,0.009,0.01,0.011,0.012,0.013
9.05,-0.002,-0.001,0,0.001,0.002,0.003,0.004,0.006,0.007,0.008,0.009,0.01,0.011,0.012,0.013
9.06,-0.002,-0.001,0,0.001,0.002,0.003,0.004,0.006,0.007,0.008,0.009,0.01,0.011,0.012,0.013
9.07,-0.002,-0.001,0,0.001,0.002,0.003,0.004,0.006,0.007,0.008,0.009,0.01,0.011,0.012,0.013
9.08,-0.002,-0.001,0,0.001,0.002,0.003,0.004,0.006,0.007,0.008,0.009,0.01,0.011,0.012,0.013
9.09,-0.002,-0.001,0,0.001,0.002,0.003,0.004,0.006,0.007,0.008,0.009,0.01,0.011,0.012,0.013
9.1,-0.002,-0.001,0,0.001,0.002,0.003,0.004,0.006,0.007,0.008,0.009,0.01,0.011,0.012,0.013
9.11,-0.002,-0.001,0,0.001,0.002,0.003,0.004,0.006,0.007,0.008,0.009,0.01,0.011,0.012,0.013
9.12,-0.002,-0.001,0,0.001,0.002,0.003,0.004,0.006,0.007,0.008,0.009,0.01,0.011,0.012,0.013
9.13,-0.002,-0.001,0,0.001,0.002,0.003,0.004,0.006,0.007,0.008,0.009,0.01,0.011,0.012,0.013
9.14,-0.002,-0.001,0,0.001,0.002,0.003,0.004,0.006,0.007,0.008,0.009,0.01,0.011,0.012,0.013
9.15,-0.002,-0.001,0,0.001,0.002,0.003,0.004,0.006,0.007,0.008,0.009,0.01,0.011,0.012,0.013
9.16,-0.002,-0.001,0,0.001,0.002,0.003,0.004,0.006,0.007,0.008,0.009,0.01,0.011,0.012,0.013
9.17,-0.002,-0.001,0,0.001,0.002,0.003,0.004,0.006,0.007,0.008,0.009,0.01,0.011,0.012,0.013
9.18,-0.002,-0.001,0,0.001,0.002,0.003,0.004,0.006,0.007,0.008,0.009,0.01,0.011,0.012,0.013
9.19,-0.002,-0.001,0,0.001,0.002,0.003,0.004,0.006,0.007,0.008,0.009,0.01,0.011,0.012,0.013
9.2,-0.002,-0.001,0,0.001,0.002,0.003,0.004,0.006,0.007,0.008,0.009,0.01,0.011,0.012,0.013
9.21,-0.002,-0.001,0,0.001,0.002,0.003,0.004,0.006,0.007,0.008,0.009,0.01,0.011,0.012,0.013
9.22,-0.002,-0.001,0,0.001,0.002,0.003,0.004,0.006,0.007,0.008,0.009,0.01,0.011,0.012,0.013
9.23,-0.002,-0.001,0,0.001,0.002,0.003,0.004,0.006,0.007,0.008,0.009,0.01,0.011,0.012,0.013
9.24,-0.002,-0.001,0,0.001,0.002,0.003,0.004,0.006,0.007,0.008,0.009,0.01,0.011,0.012,0.013
9.25,-0.002,-0.001,0,0.001,0.002,0.003,0.004,0.006,0.007,0.008,0.009,0.01,0.011,0.012,0.013
9.26,-0.002,-0.001,0,0.001,0.002,0.003,0.004,0.006,0.007,0.008,0.009,0.01,0.011,0.012,0.013
9.27,-0.002,-0.001,0,0.001,0.002,0.003,0.004,0.006,0.007,0.008,0.009,0.01,0.011,0.012,0.013
9.28,-0.002,-0.001,0,0.001,0.002,0.003,0.004,0.006,0.007,0.008,0.009,0.01,0.011,0.012,0.013
9.29,-0.002,-0.001,0,0.001,0.002,0.003,0.004,0.006,0.007,0.008,0.009,0.01,0.011,0.012,0.013
9.3,-0.002,-0.001,0,0.001,0.002,0.003,0.004,0.006,0.007,0.008,0.009,0.01,0.011,0.012,0.013
9.31,-0.002,-0.001,0,0.001,0.002,0.003,0.004,0.006,0.007,0.008,0.009,0.01,0.011,0.012,0.013
9.32,-0.002,-0.001,0,0.001,0.002,0.003,0.004,0.006,0.007,0.008,0.009,0.01,0.011,0.012,0.013
9.33,-0.002,-0.001,0,0.001,0.002,0.003,0.004,0.006,0.007,0.008,0.009,0.01,0.011,0.012,0.013
9.34,-0.002,-0.001,0,0.001,0.002,0.003,0.004,0.006,0.007,0.008,0.009,0.01,0.011,0.012,0.013
9.35,-0.002,-0.001,0,0.001,0.002,0.003,0.004,0.006,0.007,0.008,0.009,0.01,0.011,0.012,0.013
9.36,-0.002,-0.001,0,0.001,0.002,0.003,0.004,0.006,0.007,0.008,0.009,0.01,0.011,0.012,0.013
9.37,-0.002,-0.001,0,0.001,0.002,0.003,0.004,0.006,0.007,0.008,0.009,0.01,0.011,0.012,0.013
9.38,-0.002,-0.001,0,0.001,0.002,0.003,0.004,0.006,0.007,0.008,0.009,0.01,0.011,0.012,0.013
9.39,-0.002,-0.001,0,0.001,0.002,0.003,0.004,0.006,0.007,0.008,0.009,0.01,0.011,0.012,0.013
9.4,-0.002,-0.001,0,0.001,0.002,0.003,0.004,0.006,0.007,0.008,0.009,0.01,0.011,0.012,0.013
9.41,-0.002,-0.001,0,0.001,0.002,0.003,0.004,0.006,0.007,0.008,0.009,0.01,0.011,0.012,0.013
9.42,-0.002,-0.001,0,0.001,0.002,0.003,0.004,0.006,0.007,0.008,0.009,0.01,0.011,0.012,0.013
9.43,-0.002,-0.001,0,0.001,0.002,0.003,0.004,0.006,0.007,0.008,0.009,0.01,0.011,0.012,0.013
9.44,-0.002,-0.001,0,0.001,0.002,0.003,0.004,0.006,0.007,0.008,0.009,0.01,0.011,0.012,0.013
9.45,-0.002,-0.001,0,0.001,0.002,0.003,0.004,0.006,0.007,0.008,0.009,0.01,0.011,0.012,0.013
9.46,-0.002,-0.001,0,0.001,0.002,0.003,0.004,0.006,0.007,0.008,0.009,0.01,0.011,0.012,0.013
9.47,-0.002,-0.001,0,0.001,0.002,0.003,0.004,0.006,0.007,0.008,0.009,0.01,0.011,0.012,0.013
9.48,-0.002,-0.001,0,0.001,0.002,0.003,0.004,0.006,0.007,0.008,0.009,0.01,0.011,0.012,0.013
9.49,-0.002,-0.001,0,0.001,0.002,0.003,0.004,0.006,0.007,0.008,0.009,0.01,0.011,0.012,0.013
9.5,-0.002,-0.001,0,0.001,0.002,0.003,0.004,0.006,0.007,0.008,0.009,0.01,0.011,0.012,0.013
9.51,-0.002,-0.001,0,0.001,0.002,0.003,0.004,0.006,0.007,0.008,0.009,0.01,0.011,0.012,0.013
9.52,-0.002,-0.001,0,0.001,0.002,0.003,0.004,0.006,0.007,0.008,0.009,0.01,0.011,0.012,0.013
9.53,-0.002,-0.001,0,0.001,0.002,0.003,0.004,0.006,0.007,0.008,0.009,0.01,0.011,0.012,0.013
9.54,-0.002,-0.001,0,0.001,0.002,0.003,0.004,0.006,0.007,0.008,0.009,0.01,0.011,0.012,0.013
9.55,-0.002,-0.001,0,0.001,0.002,0.003,0.004,0.006,0.007,0.008,0.009,0.01,0.011,0.012,0.013
9.56,-0.002,-0.001,0,0.001,0.002,0.003,0.004,0.006,0.007,0.008,0.009,0.01,0.011,0.012,0.013
9.57,-0.002,-0.001,0,0.001,0.002,0.003,0.004,0.006,0.007,0.008,0.009,0.01,0.011,0.012,0.013
9.58,-0.002,-0.001,0,0.001,0.002,0.003,0.004,0.006,0.007,0.008,0.009,0.01,0.011,0.012,0.013
9.59,-0.002,-0.001,0,0.001,0.002,0.003,0.004,0.006,0.007,0.008,0.009,0.01,0.011,0.012,0.013
9.6,-0.002,-0.001,0,0.001,0.002,0.003,0.004,0.006,0.007,0.008,0.009,0.01,0.011,0.012,0.013
9.61,-0.002,-0.001,0,0.001,0.002,0.003,0.004,0.006,0.007,0.008,0.009,0.01,0.011,0.012,0.013
9.62,-0.002,-0.001,0,0.001,0.002,0.003,0.004,0.006,0.007,0.008,0.009,0.01,0.011,0.012,0.013
9.63,-0.002,-0.001,0,0.001,0.002,0.003,0.004,0.006,0.007,0.008,0.009,0.01,0.011,0.012,0.013
9.64,-0.002,-0.001,0,0.001,0.002,0.003,0.004,0.006,0.007,0.008,0.009,0.01,0.011,0.012,0.013
9.65,-0.002,-0.001,0,0.001,0.002,0.003,0.004,0.006,0.007,0.008,0.009,0.01,0.011,0.012,0.013
9.66,-0.002,-0.001,0,0.001,0.002,0.003,0.004,0.006,0.007,0.008,0.009,0.01,0.011,0.012,0.013
9.67,-0.002,-0.001,0,0.001,0.002,0.003,0.004,0.006,0.007,0.008,0.009,0.01,0.011,0.012,0.013
9.68,-0.002,-0.001,0,0.001,0.002,0.003,0.004,0.006,0.007,0.008,0.009,0.01,0.011,0.012,0.013
9.69,-0.002,-0.001,0,0.001,0.002,0.003,0.004,0.006,0.007,0.008,0.009,0.01,0.011,0.012,0.013
9.7,-0.002,-0.001,0,0.001,0.002,0.003,0.004,0.006,0.007,0.008,0.009,0.01,0.011,0.012,0.013
9.71,-0.002,-0.001,0,0.001,0.002,0.003,0.004,0.006,0.007,0.008,0.009,0.01,0.011,0.012,0.013
9.72,-0.002,-0.001,0,0.001,0.002,0.003,0.004,0.006,0.007,0.008,0.009,0.01,0.011,0.012,0.013
9.73,-0.002,-0.001,0,0.001,0.002,0.003,0.004,0.006,0.007,0.008,0.009,0.01,0.011,0.012,0.013
9.74,-0.002,-0.001,0,0.001,0.002,0.003,0.004,0.006,0.007,0.008,0.009,0.01,0.011,0.012,0.013
9.75,-0.002,-0.001,0,0.001,0.002,0.003,0.004,0.006,0.007,0.008,0.009,0.01,0.011,0.012,0.013
9.76,-0.002,-0.001,0,0.001,0.002,0.003,0.004,0.006,0.007,0.008,0.009,0.01,0.011,0.012,0.013
9.77,-0.002,-0.001,0,0.001,0.002,0.003,0.004,0.006,0.007,0.008,0.009,0.01,0.011,0.012,0.013
9.78,-0.002,-0.001,0,0.001,0.002,0.003,0.004,0.006,0.007,0.008,0.009,0.01,0.011,0.012,0.013
9.79,-0.002,-0.001,0,0.001,0.002,0.003,0.004,0.006,0.007,0.008,0.009,0.01,0.011,0.012,0.013
9.8,-0.002,-0.001,0,0.001,0.002,0.003,0.004,0.006,0.007,0.008,0.009,0.01,0.011,0.012,0.013
9.81,-0.002,-0.001,0,0.001,0.002,0.003,0.004,0.006,0.007,0.008,0.009,0.01,0.011,0.012,0.013
9.82,-0.002,-0.001,0,0.001,0.002,0.003,0.004,0.006,0.007,0.008,0.009,0.01,0.011,0.012,0.013
9.83,-0.002,-0.001,0,0.001,0.002,0.003,0.004,0.006,0.007,0.008,0.009,0.01,0.011,0.012,0.013
9.84,-0.002,-0.001,0,0.001,0.002,0.003,0.004,0.006,0.007,0.008,0.009,0.01,0.011,0.012,0.013
9.85,-0.002,-0.001,0,0.001,0.002,0.003,0.004,0.006,0.007,0.008,0.009,0.01,0.011,0.012,0.013
9.86,-0.002,-0.001,0,0.001,0.002,0.003,0.004,0.006,0.007,0.008,0.009,0.01,0.011,0.012,0.013
9.87,-0.002,-0.001,0,0.001,0.002,0.003,0.004,0.006,0.007,0.008,0.009,0.01,0.011,0.012,0.013
9.88,-0.002,-0.001,0,0.001,0.002,0.003,0.004,0.006,0.007,0.008,0.009,0.01,0.011,0.012,0.013
9.89,-0.002,-0.001,0,0.001,0.002,0.003,0.004,0.006,0.007,0.008,0.009,0.01,0.011,0.012,0.013
9.9,-0.002,-0.001,0,0.001,0.002,0.003,0.004,0.006,0.007,0.008,0.009,0.01,0.011,0.012,0.013
9.91,-0.002,-0.001,0,0.001,0.002,0.003,0.004,0.006,0.007,0.008,0.009,0.01,0.011,0.012,0.013
9.92,-0.002,-0.001,0,0.001,0.002,0.003,0.004,0.006,0.007,0.008,0.009,0.01,0.011,0.012,0.013
9.93,-0.002,-0.001,0,0.001,0.002,0.003,0.004,0.006,0.007,0.008,0.009,0.01,0.011,0.012,0.013
9.94,-0.002,-0.001,0,0.001,0.002,0.003,0.004,0.006,0.007,0.008,0.009,0.01,0.011,0.012,0.013
9.95,-0.002,-0.001,0,0.001,0.002,0.003,0.004,0.006,0.007,0.008,0.009,0.01,0.011,0.012,0.013
9.96,-0.002,-0.001,0,0.001,0.002,0.003,0.004,0.006,0.007,0.008,0.009,0.01,0.011,0.012,0.013
9.97,-0.002,-0.001,0,0.001,0.002,0.003,0.004,0.006,0.007,0.008,0.009,0.01,0.011,0.012,0.013
9.98,-0.002,-0.001,0,0.001,0.002,0.003,0.004,0.006,0.007,0.008,0.009,0.01,0.011,0.012,0.013
9.99,-0.002,-0.001,0,0.001,0.002,0.003,0.004,0.006,0.007,0.008,0.009,0.01,0.011,0.012,0.013
10,-0.002,-0.001,0,0.001,0.002,0.003,0.004,0.006,0.007,0.008,0.009,0.01,0.011,0.012,0.013
10.01,-0.002,-0.001,0,0.001,0.002,0.003,0.004,0.006,0.007,0.008,0.009,0.01,0.011,0.012,0.013
10.02,-0.002,-0.001,0,0.001,0.002,0.003,0.004,0.006,0.007,0.008,0.009,0.01,0.011,0.012,0.013
10.03,-0.002,-0.001,0,0.001,0.002,0.003,0.004,0.006,0.007,0.008,0.009,0.01,0.011,0.012,0.013
10.04,-0.002,-0.001,0,0.001,0.002,0.003,0.004,0.006,0.007,0.008,0.009,0.01,0.011,0.012,0.013
10.05,-0.002,-0.001,0,0.001,0.002,0.003,0.004,0.006,0.007,0.008,0.009,0.01,0.011,0.012,0.013
10.06,-0.002,-0.001,0,0.001,0.002,0.003,0.004,0.006,0.007,0.008,0.009,0.01,0.011,0.012,0.013
10.07,-0.002,-0.001,0,0.001,0.002,0.003,0.004,0.006,0.007,0.008,0.009,0.01,0.011,0.012,0.013
10.08,-0.002,-0.001,0,0.001,0.002,0.003,0.004,0.006,0.007,0.008,0.009,0.01,0.011,0.012,0.013
10.09,-0.002,-0.001,0,0.001,0.002,0.003,0.004,0.006,0.007,0.008,0.009,0.01,0.011,0.012,0.013
10.1,-0.002,-0.001,0,0.001,0.002,0.003,0.004,0.006,0.007,0.008,0.009,0.01,0.011,0.012,0.013
10.11,-0.002,-0.001,0,0.001,0.002,0.003,0.004,0.006,0.007,0.008,0.009,0.01,0.011,0.012,0.013
10.12,-0.002,-0.001,0,0.001,0.002,0.003,0.004,0.006,0.007,0.008,0.009,0.01,0.011,0.012,0.013
10.13,-0.002,-0.001,0,0.001,0.002,0.003,0.004,0.006,0.007,0.008,0.009,0.01,0.011,0.012,0.013
10.14,-0.002,-0.001,0,0.001,0.002,0.003,0.004,0.006,0.007,0.008,0.009,0.01,0.011,0.012,0.013
10.15,-0.002,-0.001,0,0.001,0.002,0.003,0.004,0.006,0.007,0.008,0.009,0.01,0.011,0.012,0.013
10.16,-0.002,-0.001,0,0.001,0.002,0.003,0.004,0.006,0.007,0.008,0.009,0.01,0.011,0.012,0.013
10.17,-0.002,-0.001,0,0.001,0.002,0.003,0.004,0.006,0.007,0.008,0.009,0.01,0.011,0.012,0.013
10.18,-0.002,-0.001,0,0.001,0.002,0.003,0.004,0.006,0.007,0.008,0.009,0.01,0.011,0.012,0.013
